match_id,actual,predicted,residual,season
augsburg-gegen-bayern-2019-bundesliga-4243460,3.0,1.4178066702452408,1.5821933297547592,2018-19
augsburg-gegen-dortmund-2019-bundesliga-4243478,2.0,1.3040754439712183,0.6959245560287817,2018-19
augsburg-gegen-duesseldorf-2019-bundesliga-4243424,0.0,0.49619090868637117,-0.49619090868637117,2018-19
augsburg-gegen-freiburg-2018-bundesliga-4243316,0.0,0.7415417895420795,-0.7415417895420795,2018-19
augsburg-gegen-hertha-2019-bundesliga-4243559,2.0,1.2353217394770648,0.7646782605229352,2018-19
augsburg-gegen-hoffenheim-2019-bundesliga-4243514,2.0,0.7808332348879388,1.2191667651120612,2018-19
augsburg-gegen-leverkusen-2019-bundesliga-4243540,2.0,0.7982345527466862,1.201765447253314,2018-19
augsburg-gegen-mainz-2019-bundesliga-4243442,4.0,1.3940833060621012,2.605916693937899,2018-19
augsburg-gegen-schalke-2018-bundesliga-4243396,2.0,0.8561493568612795,1.1438506431387205,2018-19
augsburg-gegen-stuttgart-2019-bundesliga-4243531,0.0,1.579680239965926,-1.579680239965926,2018-19
augsburg-gegen-wolfsburg-2018-bundesliga-4243415,1.0,0.4568510695546972,0.5431489304453028,2018-19
bayern-gegen-bremen-2019-bundesliga-4243526,0.0,0.6571575079500849,-0.6571575079500849,2018-19
bayern-gegen-dortmund-2019-bundesliga-4243508,2.0,1.186374169527204,0.8136258304727959,2018-19
bayern-gegen-duesseldorf-2018-bundesliga-4243364,0.0,1.1147496982760283,-1.1147496982760283,2018-19
bayern-gegen-frankfurt-2019-bundesliga-4243562,2.0,1.0481895048345946,0.9518104951654054,2018-19
bayern-gegen-hannover-2019-bundesliga-4243544,2.0,0.8286840949101706,1.1713159050898294,2018-19
bayern-gegen-hertha-2019-bundesliga-4243463,0.0,0.6675649766154808,-0.6675649766154808,2018-19
bayern-gegen-leipzig-2018-bundesliga-4243400,0.0,2.4964016675073397,-2.4964016675073397,2018-19
bayern-gegen-mainz-2019-bundesliga-4243490,0.0,1.341381999450075,-1.341381999450075,2018-19
bayern-gegen-nuernberg-2018-bundesliga-4243382,0.0,0.8286840949101706,-0.8286840949101706,2018-19
bayern-gegen-schalke-2019-bundesliga-4243445,1.0,1.7561092256761297,-0.7561092256761297,2018-19
bayern-gegen-stuttgart-2019-bundesliga-4243427,0.0,0.9572591926300112,-0.9572591926300112,2018-19
bayern-gegen-wolfsburg-2019-bundesliga-4243481,2.0,0.5400111460999542,1.4599888539000458,2018-19
bremen-gegen-augsburg-2019-bundesliga-4243449,0.0,1.09910153011139,-1.09910153011139,2018-19
bremen-gegen-bayern-2018-bundesliga-4243378,0.0,1.419427854664854,-1.419427854664854,2018-19
bremen-gegen-dortmund-2019-bundesliga-4243549,1.0,0.49284011326736565,0.5071598867326343,2018-19
bremen-gegen-frankfurt-2019-bundesliga-4243431,2.0,2.0327668289044887,-0.032766828904488676,2018-19
bremen-gegen-freiburg-2019-bundesliga-4243522,1.0,0.3900538496687438,0.6099461503312562,2018-19
bremen-gegen-leipzig-2019-bundesliga-4243566,3.0,1.656546046481497,1.343453953518503,2018-19
bremen-gegen-leverkusen-2018-bundesliga-4243340,0.0,0.7208472978198879,-0.7208472978198879,2018-19
bremen-gegen-schalke-2019-bundesliga-4243485,1.0,0.5246099017126804,0.4753900982873196,2018-19
bremen-gegen-stuttgart-2019-bundesliga-4243467,0.0,0.8603784206750926,-0.8603784206750926,2018-19
dortmund-gegen-augsburg-2018-bundesliga-4243321,0.0,1.2293108272415394,-1.2293108272415394,2018-19
dortmund-gegen-bremen-2018-bundesliga-4243392,2.0,3.3416583710446504,-1.3416583710446504,2018-19
dortmund-gegen-freiburg-2018-bundesliga-4243374,0.0,1.5174430665234488,-1.5174430665234488,2018-19
dortmund-gegen-hannover-2019-bundesliga-4243428,2.0,1.5430246415707214,0.4569753584292786,2018-19
dortmund-gegen-hoffenheim-2019-bundesliga-4243446,0.0,1.25412731428645,-1.25412731428645,2018-19
dortmund-gegen-leverkusen-2019-bundesliga-4243464,2.0,0.6940823745977799,1.3059176254022202,2018-19
dortmund-gegen-mainz-2019-bundesliga-4243518,0.0,0.8135198769674165,-0.8135198769674165,2018-19
dortmund-gegen-mgladbach-2018-bundesliga-4243410,1.0,1.0736319537426384,-0.07363195374263842,2018-19
dortmund-gegen-nuernberg-2018-bundesliga-4243302,0.0,0.5288291569800341,-0.5288291569800341,2018-19
dortmund-gegen-schalke-2019-bundesliga-4243536,4.0,2.040464937968075,1.9595350620319252,2018-19
dortmund-gegen-stuttgart-2019-bundesliga-4243483,1.0,0.8787721148703626,0.12122788512963745,2018-19
duesseldorf-gegen-bremen-2019-bundesliga-4243542,3.0,2.032715473237297,0.967284526762703,2018-19
duesseldorf-gegen-dortmund-2018-bundesliga-4243408,0.0,0.47085689901617467,-0.47085689901617467,2018-19
duesseldorf-gegen-frankfurt-2019-bundesliga-4243489,0.0,1.3707256866810105,-1.3707256866810105,2018-19
duesseldorf-gegen-freiburg-2018-bundesliga-4243398,0.0,0.2686408489990382,-0.2686408489990382,2018-19
duesseldorf-gegen-hannover-2019-bundesliga-4243570,1.0,0.6764629180671801,0.32353708193281994,2018-19
duesseldorf-gegen-hertha-2018-bundesliga-4243362,0.0,0.7489262305274419,-0.7489262305274419,2018-19
duesseldorf-gegen-leipzig-2019-bundesliga-4243435,1.0,0.5297200901366255,0.47027990986337453,2018-19
duesseldorf-gegen-leverkusen-2018-bundesliga-4243309,0.0,0.7491548824490317,-0.7491548824490317,2018-19
duesseldorf-gegen-mainz-2018-bundesliga-4243380,0.0,0.6749468728180913,-0.6749468728180913,2018-19
duesseldorf-gegen-nuernberg-2019-bundesliga-4243471,4.0,2.3225180857510237,1.6774819142489763,2018-19
duesseldorf-gegen-stuttgart-2019-bundesliga-4243453,2.0,1.1970896773633584,0.8029103226366416,2018-19
duesseldorf-gegen-wolfsburg-2018-bundesliga-4243344,1.0,1.8839868762408833,-0.8839868762408833,2018-19
frankfurt-gegen-augsburg-2019-bundesliga-4243521,4.0,3.2046100487238283,0.7953899512761717,2018-19
frankfurt-gegen-bayern-2018-bundesliga-4243414,3.0,2.2999315047117803,0.7000684952882197,2018-19
frankfurt-gegen-dortmund-2019-bundesliga-4243440,2.0,0.5943241087262372,1.4056758912737628,2018-19
frankfurt-gegen-freiburg-2019-bundesliga-4243423,0.0,1.0455092903427727,-1.0455092903427727,2018-19
frankfurt-gegen-hoffenheim-2019-bundesliga-4243475,3.0,1.3058670056625192,1.6941329943374808,2018-19
frankfurt-gegen-leverkusen-2018-bundesliga-4243395,3.0,1.4502433278155984,1.5497566721844016,2018-19
frankfurt-gegen-mainz-2019-bundesliga-4243558,2.0,0.6764629180671801,1.32353708193282,2018-19
frankfurt-gegen-mgladbach-2019-bundesliga-4243458,0.0,0.2779982213677295,-0.2779982213677295,2018-19
frankfurt-gegen-nuernberg-2019-bundesliga-4243494,0.0,0.4043881585832493,-0.4043881585832493,2018-19
frankfurt-gegen-schalke-2018-bundesliga-4243358,0.0,0.68521658899273,-0.68521658899273,2018-19
frankfurt-gegen-stuttgart-2019-bundesliga-4243502,0.0,1.7211663086937923,-1.7211663086937923,2018-19
frankfurt-gegen-wolfsburg-2018-bundesliga-4243377,2.0,1.07150768818313,0.92849231181687,2018-19
freiburg-gegen-augsburg-2019-bundesliga-4243469,0.0,0.5657091338492939,-0.5657091338492939,2018-19
freiburg-gegen-bayern-2019-bundesliga-4243505,0.0,0.9621749052588765,-0.9621749052588765,2018-19
freiburg-gegen-dortmund-2019-bundesliga-4243532,1.0,0.5582371191880126,0.44176288081198745,2018-19
freiburg-gegen-duesseldorf-2019-bundesliga-4243550,0.0,0.8941790466563736,-0.8941790466563736,2018-19
freiburg-gegen-hannover-2018-bundesliga-4243405,2.0,0.7246552181040827,1.2753447818959174,2018-19
freiburg-gegen-hoffenheim-2019-bundesliga-4243432,1.0,0.7595773701559281,0.24042262984407192,2018-19
freiburg-gegen-nuernberg-2019-bundesliga-4243567,0.0,0.777530833254748,-0.777530833254748,2018-19
freiburg-gegen-wolfsburg-2019-bundesliga-4243451,2.0,0.5223460213009002,1.4776539786990996,2018-19
hannover-gegen-bayern-2018-bundesliga-4243397,0.0,0.4568510695546972,-0.4568510695546972,2018-19
hannover-gegen-bremen-2019-bundesliga-4243425,0.0,0.5222480754753441,-0.5222480754753441,2018-19
hannover-gegen-duesseldorf-2018-bundesliga-4243416,0.0,0.2649431776597973,-0.2649431776597973,2018-19
hannover-gegen-frankfurt-2019-bundesliga-4243468,0.0,0.2686408489990382,-0.2686408489990382,2018-19
hannover-gegen-freiburg-2019-bundesliga-4243560,2.0,0.43801443510830096,1.5619855648916992,2018-19
hannover-gegen-mainz-2019-bundesliga-4243541,0.0,0.5069390895148892,-0.5069390895148892,2018-19
hannover-gegen-mgladbach-2019-bundesliga-4243523,3.0,0.9251645943418939,2.074835405658106,2018-19
hannover-gegen-nuernberg-2019-bundesliga-4243450,5.0,1.436878809806837,3.563121190193163,2018-19
hannover-gegen-schalke-2019-bundesliga-4243504,0.0,0.8719641106641602,-0.8719641106641602,2018-19
hannover-gegen-stuttgart-2018-bundesliga-4243324,1.0,1.944586376061006,-0.944586376061006,2018-19
hertha-gegen-augsburg-2018-bundesliga-4243403,4.0,2.817921138304766,1.182078861695234,2018-19
hertha-gegen-bremen-2019-bundesliga-4243459,2.0,0.6674934536918486,1.3325065463081514,2018-19
hertha-gegen-dortmund-2019-bundesliga-4243496,0.0,0.8972680354176725,-0.8972680354176725,2018-19
hertha-gegen-duesseldorf-2019-bundesliga-4243513,3.0,0.9309426108235662,2.0690573891764337,2018-19
hertha-gegen-leipzig-2018-bundesliga-4243351,0.0,2.483727152854809,-2.483727152854809,2018-19
hertha-gegen-mainz-2019-bundesliga-4243477,0.0,0.5940773619764472,-0.5940773619764472,2018-19
hertha-gegen-mgladbach-2018-bundesliga-4243297,0.0,0.8433615020321948,-0.8433615020321948,2018-19
hertha-gegen-nuernberg-2018-bundesliga-4243077,0.0,0.47257935629594733,-0.47257935629594733,2018-19
hertha-gegen-stuttgart-2019-bundesliga-4243548,0.0,0.7836639224470863,-0.7836639224470863,2018-19
hertha-gegen-wolfsburg-2019-bundesliga-4243441,0.0,0.23265180528636972,-0.23265180528636972,2018-19
hoffenheim-gegen-duesseldorf-2019-bundesliga-4243437,1.0,0.8862645613455324,0.11373543865446756,2018-19
hoffenheim-gegen-frankfurt-2018-bundesliga-4243320,1.0,0.9879497073633712,0.012050292636628823,2018-19
hoffenheim-gegen-freiburg-2018-bundesliga-4243275,6.0,4.041182681950093,1.958817318049907,2018-19
hoffenheim-gegen-hannover-2019-bundesliga-4243455,3.0,1.0669823354260215,1.9330176645739785,2018-19
hoffenheim-gegen-hertha-2019-bundesliga-4243517,0.0,0.5333232344431728,-0.5333232344431728,2018-19
hoffenheim-gegen-leverkusen-2019-bundesliga-4243499,3.0,1.5355385740564753,1.4644614259435247,2018-19
hoffenheim-gegen-mainz-2018-bundesliga-4243409,3.0,1.1428807229310876,1.8571192770689124,2018-19
hoffenheim-gegen-mgladbach-2018-bundesliga-4243391,0.0,0.9439962924005554,-0.9439962924005554,2018-19
hoffenheim-gegen-wolfsburg-2019-bundesliga-4243535,0.0,0.7880494256347532,-0.7880494256347532,2018-19
leipzig-gegen-augsburg-2019-bundesliga-4243484,1.0,0.304245033041704,0.695754966958296,2018-19
leipzig-gegen-bayern-2019-bundesliga-4243556,0.0,1.0504383289190014,-1.0504383289190014,2018-19
leipzig-gegen-bremen-2018-bundesliga-4243412,0.0,0.7822875825321063,-0.7822875825321063,2018-19
leipzig-gegen-dortmund-2019-bundesliga-4243421,1.0,0.7021932940386865,0.29780670596131353,2018-19
leipzig-gegen-frankfurt-2019-bundesliga-4243447,0.0,0.34061893642437513,-0.34061893642437513,2018-19
leipzig-gegen-freiburg-2019-bundesliga-4243537,0.0,0.5955153662665118,-0.5955153662665118,2018-19
leipzig-gegen-hertha-2019-bundesliga-4243501,1.0,1.2213419460355583,-0.22134194603555835,2018-19
leipzig-gegen-hoffenheim-2019-bundesliga-4243465,0.0,0.9300701445434859,-0.9300701445434859,2018-19
leipzig-gegen-leverkusen-2018-bundesliga-4243357,0.0,0.5525679731863117,-0.5525679731863117,2018-19
leipzig-gegen-mainz-2018-bundesliga-4243393,0.0,0.6940823745977799,-0.6940823745977799,2018-19
leipzig-gegen-mgladbach-2018-bundesliga-4243375,1.0,0.8908962111223723,0.10910378887762773,2018-19
leipzig-gegen-nuernberg-2018-bundesliga-4243322,0.0,1.0000037111212998,-1.0000037111212998,2018-19
leipzig-gegen-wolfsburg-2019-bundesliga-4243519,0.0,0.4568510695546972,-0.4568510695546972,2018-19
leverkusen-gegen-bayern-2019-bundesliga-4243438,2.0,0.8671036203905236,1.1328963796094764,2018-19
leverkusen-gegen-bremen-2019-bundesliga-4243492,0.0,0.8542656699574431,-0.8542656699574431,2018-19
leverkusen-gegen-duesseldorf-2019-bundesliga-4243456,2.0,2.1100935003943486,-0.11009350039434862,2018-19
leverkusen-gegen-frankfurt-2019-bundesliga-4243546,0.0,1.3218211547277317,-1.3218211547277317,2018-19
leverkusen-gegen-freiburg-2019-bundesliga-4243473,3.0,1.4752049662320186,1.5247950337679814,2018-19
leverkusen-gegen-hoffenheim-2018-bundesliga-4243348,1.0,0.9987483157077035,0.0012516842922964955,2018-19
leverkusen-gegen-leipzig-2019-bundesliga-4243510,0.0,0.7530122736340263,-0.7530122736340263,2018-19
leverkusen-gegen-mgladbach-2019-bundesliga-4243420,2.0,1.2869604425854084,0.7130395574145916,2018-19
leverkusen-gegen-nuernberg-2019-bundesliga-4243528,3.0,1.571284903925887,1.428715096074113,2018-19
leverkusen-gegen-schalke-2019-bundesliga-4243555,0.0,0.44037720229591776,-0.44037720229591776,2018-19
mainz-gegen-bayern-2018-bundesliga-4243343,1.0,1.0500658587139504,-0.05006585871395042,2018-19
mainz-gegen-bremen-2018-bundesliga-4243353,0.0,0.371321231792552,-0.371321231792552,2018-19
mainz-gegen-duesseldorf-2019-bundesliga-4243533,0.0,0.44290090165070845,-0.44290090165070845,2018-19
mainz-gegen-frankfurt-2018-bundesliga-4243406,0.0,0.8871958533385437,-0.8871958533385437,2018-19
mainz-gegen-freiburg-2019-bundesliga-4243515,0.0,1.2582219229048182,-1.2582219229048182,2018-19
mainz-gegen-hannover-2018-bundesliga-4243389,0.0,1.1554153783800352,-1.1554153783800352,2018-19
mainz-gegen-hoffenheim-2019-bundesliga-4243568,2.0,0.8135198769674165,1.1864801230325837,2018-19
mainz-gegen-leipzig-2019-bundesliga-4243551,0.0,1.065543722684408,-1.065543722684408,2018-19
mainz-gegen-leverkusen-2019-bundesliga-4243452,0.0,1.2272363752192978,-1.2272363752192978,2018-19
mainz-gegen-nuernberg-2019-bundesliga-4243433,0.0,1.9712060909015168,-1.9712060909015168,2018-19
mainz-gegen-stuttgart-2018-bundesliga-4243080,1.0,1.2747676094888523,-0.27476760948885226,2018-19
mainz-gegen-wolfsburg-2018-bundesliga-4243308,2.0,0.5023292250096301,1.49767077499037,2018-19
mgladbach-gegen-augsburg-2019-bundesliga-4243429,0.0,0.30462989271170665,-0.30462989271170665,2018-19
mgladbach-gegen-bremen-2019-bundesliga-4243512,0.0,0.47102859785049506,-0.47102859785049506,2018-19
mgladbach-gegen-duesseldorf-2018-bundesliga-4243350,0.0,0.27990139016723264,-0.27990139016723264,2018-19
mgladbach-gegen-frankfurt-2018-bundesliga-4243304,0.0,0.518970255289822,-0.518970255289822,2018-19
mgladbach-gegen-freiburg-2019-bundesliga-4243495,2.0,0.7304899925520442,1.269510007447956,2018-19
mgladbach-gegen-hoffenheim-2019-bundesliga-4243547,0.0,0.8429278391753948,-0.8429278391753948,2018-19
mgladbach-gegen-leipzig-2019-bundesliga-4243529,1.0,1.0028227524233473,-0.0028227524233472856,2018-19
mgladbach-gegen-nuernberg-2018-bundesliga-4243402,1.0,0.6277418186008132,0.37225818139918676,2018-19
mgladbach-gegen-stuttgart-2018-bundesliga-4243385,3.0,1.0291494966570653,1.9708505033429347,2018-19
nuernberg-gegen-augsburg-2019-bundesliga-4243507,1.0,0.30462989271170665,0.6953701072882934,2018-19
nuernberg-gegen-bayern-2019-bundesliga-4243543,1.0,0.24087723744917094,0.759122762550829,2018-19
nuernberg-gegen-bremen-2019-bundesliga-4243444,2.0,0.7124519617798485,1.2875480382201516,2018-19
nuernberg-gegen-duesseldorf-2018-bundesliga-4243318,0.0,0.5524427465253681,-0.5524427465253681,2018-19
nuernberg-gegen-hertha-2019-bundesliga-4243426,0.0,0.8581900029437052,-0.8581900029437052,2018-19
nuernberg-gegen-leipzig-2019-bundesliga-4243480,1.0,0.7248017920267046,0.2751982079732954,2018-19
nuernberg-gegen-mainz-2018-bundesliga-4243282,0.0,0.551144741022516,-0.551144741022516,2018-19
nuernberg-gegen-mgladbach-2019-bundesliga-4243561,1.0,0.3128553248745079,0.6871446751254922,2018-19
nuernberg-gegen-schalke-2019-bundesliga-4243525,1.0,0.6486993065173129,0.3513006934826871,2018-19
nuernberg-gegen-wolfsburg-2018-bundesliga-4243399,0.0,0.22548586915628163,-0.22548586915628163,2018-19
schalke-gegen-augsburg-2019-bundesliga-4243545,0.0,0.6921146326074241,-0.6921146326074241,2018-19
schalke-gegen-dortmund-2018-bundesliga-4243383,0.0,2.1587266019731186,-2.1587266019731186,2018-19
schalke-gegen-freiburg-2019-bundesliga-4243454,1.0,1.2354409222830818,-0.23544092228308178,2018-19
schalke-gegen-hoffenheim-2019-bundesliga-4243527,2.0,1.4524404262543233,0.5475595737456767,2018-19
schalke-gegen-leipzig-2019-bundesliga-4243491,1.0,0.5222480754753441,0.47775192452465587,2018-19
schalke-gegen-leverkusen-2018-bundesliga-4243401,1.0,0.5760001898126227,0.4239998101873773,2018-19
schalke-gegen-mgladbach-2019-bundesliga-4243436,0.0,0.3221153503854926,-0.3221153503854926,2018-19
schalke-gegen-stuttgart-2019-bundesliga-4243563,0.0,0.28567730372448774,-0.28567730372448774,2018-19
schalke-gegen-wolfsburg-2019-bundesliga-4243418,2.0,0.8730765259047676,1.1269234740952325,2018-19
stuttgart-gegen-bayern-2018-bundesliga-4243278,0.0,1.796640715145908,-1.796640715145908,2018-19
stuttgart-gegen-dortmund-2018-bundesliga-4243330,0.0,0.7680183306524764,-0.7680183306524764,2018-19
stuttgart-gegen-freiburg-2019-bundesliga-4243439,1.0,2.2903025894074416,-1.2903025894074416,2018-19
stuttgart-gegen-hannover-2019-bundesliga-4243474,0.0,0.7680183306524764,-0.7680183306524764,2018-19
stuttgart-gegen-hoffenheim-2019-bundesliga-4243493,0.0,0.6890941143592528,-0.6890941143592528,2018-19
stuttgart-gegen-leipzig-2019-bundesliga-4243457,2.0,1.1737275889618701,0.8262724110381299,2018-19
stuttgart-gegen-leverkusen-2019-bundesliga-4243520,1.0,0.38778996925696363,0.6122100307430364,2018-19
stuttgart-gegen-mgladbach-2019-bundesliga-4243538,0.0,1.1058883662662937,-1.1058883662662937,2018-19
stuttgart-gegen-nuernberg-2019-bundesliga-4243511,2.0,0.9126362007691451,1.087363799230855,2018-19
stuttgart-gegen-schalke-2018-bundesliga-4243413,2.0,0.9660591882561544,1.0339408117438456,2018-19
stuttgart-gegen-wolfsburg-2019-bundesliga-4243557,1.0,0.5429281332275576,0.4570718667724424,2018-19
wolfsburg-gegen-bayern-2018-bundesliga-4243335,0.0,0.5812837120674671,-0.5812837120674671,2018-19
wolfsburg-gegen-bremen-2019-bundesliga-4243479,3.0,1.5672986421965198,1.4327013578034802,2018-19
wolfsburg-gegen-dortmund-2018-bundesliga-4243354,0.0,0.6172727557801355,-0.6172727557801355,2018-19
wolfsburg-gegen-duesseldorf-2019-bundesliga-4243498,3.0,0.7606442618167512,2.239355738183249,2018-19
wolfsburg-gegen-frankfurt-2019-bundesliga-4243534,0.0,0.38778996925696363,-0.38778996925696363,2018-19
wolfsburg-gegen-hannover-2019-bundesliga-4243516,0.0,0.5223460213009002,-0.5223460213009002,2018-19
wolfsburg-gegen-hertha-2018-bundesliga-4243290,0.0,0.41320669144661887,-0.41320669144661887,2018-19
wolfsburg-gegen-hoffenheim-2018-bundesliga-4243390,3.0,1.7544459601859432,1.2455540398140568,2018-19
wolfsburg-gegen-mainz-2019-bundesliga-4243461,1.0,0.47636624600858624,0.5236337539914138,2018-19
wolfsburg-gegen-nuernberg-2019-bundesliga-4243552,0.0,0.44037720229591776,-0.44037720229591776,2018-19
wolfsburg-gegen-stuttgart-2018-bundesliga-4243407,0.0,0.49284011326736565,-0.49284011326736565,2018-19
augsburg-gegen-duesseldorf-2019-bundesliga-4588800,0.0,1.1204850657742276,-1.1204850657742276,2019-20
augsburg-gegen-frankfurt-2019-bundesliga-4588690,0.0,0.5256036287131691,-0.5256036287131691,2019-20
augsburg-gegen-koeln-2020-bundesliga-4588926,0.0,0.5094181435661008,-0.5094181435661008,2019-20
augsburg-gegen-leverkusen-2019-bundesliga-4588708,2.0,1.0207313100912454,0.9792686899087546,2019-20
augsburg-gegen-union-2019-bundesliga-4588664,0.0,0.2247274235787185,-0.2247274235787185,2019-20
bayern-gegen-dortmund-2019-bundesliga-4588748,0.0,2.077316897434548,-2.077316897434548,2019-20
bayern-gegen-duesseldorf-2020-bundesliga-4588910,0.0,0.9919090537815423,-0.9919090537815423,2019-20
bayern-gegen-freiburg-2020-bundesliga-4588946,1.0,0.4690324730738432,0.5309675269261568,2019-20
bayern-gegen-leverkusen-2019-bundesliga-4588766,0.0,1.2072670700151313,-1.2072670700151313,2019-20
bayern-gegen-mgladbach-2020-bundesliga-4588928,0.0,1.9106292068242174,-1.9106292068242174,2019-20
bayern-gegen-paderborn-2020-bundesliga-4588856,0.0,1.0364151875473462,-1.0364151875473462,2019-20
bayern-gegen-union-2019-bundesliga-4588730,0.0,1.1209242928159007,-1.1209242928159007,2019-20
bremen-gegen-bayern-2020-bundesliga-4588942,0.0,0.4631380438901036,-0.4631380438901036,2019-20
bremen-gegen-dortmund-2020-bundesliga-4588861,0.0,0.34363548448559134,-0.34363548448559134,2019-20
bremen-gegen-hoffenheim-2020-bundesliga-4588826,2.0,1.0298068079755112,0.9701931920244888,2019-20
bremen-gegen-mainz-2019-bundesliga-4588798,0.0,0.6705631165159684,-0.6705631165159684,2019-20
bremen-gegen-paderborn-2019-bundesliga-4588780,0.0,0.016516153735425705,-0.016516153735425705,2019-20
dortmund-gegen-augsburg-2019-bundesliga-4588642,0.0,0.778287533810717,-0.778287533810717,2019-20
dortmund-gegen-bayern-2020-bundesliga-4588901,0.0,0.13127629107013278,-0.13127629107013278,2019-20
dortmund-gegen-duesseldorf-2019-bundesliga-4588775,0.0,0.0952872473574643,-0.0952872473574643,2019-20
dortmund-gegen-koeln-2020-bundesliga-4588821,0.0,0.680741792683763,-0.680741792683763,2019-20
dortmund-gegen-leipzig-2019-bundesliga-4588793,1.0,0.45284698792677497,0.5471530120732251,2019-20
dortmund-gegen-leverkusen-2019-bundesliga-4588685,0.0,0.25154475586523783,-0.25154475586523783,2019-20
dortmund-gegen-mainz-2020-bundesliga-4588937,1.0,0.2032543784954697,0.7967456215045303,2019-20
dortmund-gegen-schalke-2020-bundesliga-4588883,0.0,0.8606690569949169,-0.8606690569949169,2019-20
dortmund-gegen-union-2020-bundesliga-4588829,0.0,0.13216722422672414,-0.13216722422672414,2019-20
dortmund-gegen-wolfsburg-2019-bundesliga-4588739,5.0,0.7394630417933145,4.260536958206686,2019-20
duesseldorf-gegen-bayern-2019-bundesliga-4588763,1.0,0.9087489772362853,0.09125102276371466,2019-20
duesseldorf-gegen-bremen-2020-bundesliga-4588813,0.0,0.3929750413989699,-0.3929750413989699,2019-20
duesseldorf-gegen-dortmund-2020-bundesliga-4588931,0.0,0.23513085933758138,-0.23513085933758138,2019-20
duesseldorf-gegen-frankfurt-2020-bundesliga-4588832,0.0,0.1991418156249129,-0.1991418156249129,2019-20
duesseldorf-gegen-koeln-2019-bundesliga-4588745,1.0,1.5547836685729866,-0.5547836685729866,2019-20
duesseldorf-gegen-leipzig-2019-bundesliga-4588787,0.0,1.0972281454066437,-1.0972281454066437,2019-20
duesseldorf-gegen-paderborn-2020-bundesliga-4588888,0.0,0.755676808821087,-0.755676808821087,2019-20
duesseldorf-gegen-schalke-2020-bundesliga-4588907,0.0,0.3942512521310094,-0.3942512521310094,2019-20
duesseldorf-gegen-union-2019-bundesliga-4588805,2.0,0.36908967981266716,1.6309103201873327,2019-20
frankfurt-gegen-augsburg-2020-bundesliga-4588842,0.0,0.4271490001774352,-0.4271490001774352,2019-20
frankfurt-gegen-freiburg-2020-bundesliga-4588904,1.0,0.7311165009781284,0.2688834990218716,2019-20
frankfurt-gegen-hoffenheim-2019-bundesliga-4588647,0.0,0.8200471972243186,-0.8200471972243186,2019-20
frankfurt-gegen-koeln-2019-bundesliga-4588797,0.0,0.8396726345519254,-0.8396726345519254,2019-20
frankfurt-gegen-leipzig-2020-bundesliga-4588825,0.0,-0.011602132412287114,0.011602132412287114,2019-20
frankfurt-gegen-mainz-2020-bundesliga-4588922,1.0,0.34398892363217815,0.6560110763678219,2019-20
frankfurt-gegen-mgladbach-2020-bundesliga-4588885,0.0,0.24013435536472955,-0.24013435536472955,2019-20
frankfurt-gegen-paderborn-2020-bundesliga-4588959,3.0,0.611967380720203,2.388032619279797,2019-20
frankfurt-gegen-wolfsburg-2019-bundesliga-4588760,0.0,1.6273608250301888,-1.6273608250301888,2019-20
freiburg-gegen-bayern-2019-bundesliga-4588799,0.0,0.14245828019005286,-0.14245828019005286,2019-20
freiburg-gegen-mainz-2019-bundesliga-4588650,0.0,0.02241822677553599,-0.02241822677553599,2019-20
freiburg-gegen-schalke-2020-bundesliga-4588961,0.0,0.13216722422672414,-0.13216722422672414,2019-20
hertha-gegen-bayern-2020-bundesliga-4588814,0.0,0.16192402288958913,-0.16192402288958913,2019-20
hertha-gegen-duesseldorf-2019-bundesliga-4588717,2.0,1.1620153971075793,0.8379846028924207,2019-20
hertha-gegen-frankfurt-2020-bundesliga-4588932,4.0,0.8645348731156837,3.1354651268843163,2019-20
hertha-gegen-freiburg-2019-bundesliga-4588788,0.0,0.26331088807661673,-0.26331088807661673,2019-20
hertha-gegen-hoffenheim-2019-bundesliga-4588734,0.0,0.13216722422672414,-0.13216722422672414,2019-20
hertha-gegen-mainz-2020-bundesliga-4588844,1.0,0.42072376033487335,0.5792762396651266,2019-20
hertha-gegen-union-2020-bundesliga-4588895,0.0,0.4670038600108705,-0.4670038600108705,2019-20
hoffenheim-gegen-duesseldorf-2019-bundesliga-4588769,0.0,0.9429382003835824,-0.9429382003835824,2019-20
hoffenheim-gegen-freiburg-2019-bundesliga-4588687,0.0,0.16815626793939262,-0.16815626793939262,2019-20
hoffenheim-gegen-leverkusen-2020-bundesliga-4588831,0.0,0.7631233158679629,-0.7631233158679629,2019-20
hoffenheim-gegen-mgladbach-2019-bundesliga-4588705,0.0,0.21539504833347337,-0.21539504833347337,2019-20
hoffenheim-gegen-paderborn-2019-bundesliga-4588744,0.0,0.6488473575894629,-0.6488473575894629,2019-20
koeln-gegen-bayern-2020-bundesliga-4588853,3.0,1.496498310615581,1.503501689384419,2019-20
koeln-gegen-freiburg-2020-bundesliga-4588836,0.0,0.21342560673830496,-0.21342560673830496,2019-20
koeln-gegen-hoffenheim-2019-bundesliga-4588755,1.0,0.6191211853375918,0.38087881466240825,2019-20
koeln-gegen-leipzig-2020-bundesliga-4588917,3.0,1.6156433979669733,1.3843566020330267,2019-20
koeln-gegen-paderborn-2019-bundesliga-4588728,2.0,0.379745759828819,1.620254240171181,2019-20
koeln-gegen-union-2020-bundesliga-4588935,0.0,0.4167455644185723,-0.4167455644185723,2019-20
leipzig-gegen-bremen-2020-bundesliga-4588848,3.0,0.69512745726546,2.30487254273454,2019-20
leipzig-gegen-duesseldorf-2020-bundesliga-4588938,0.0,0.03360021589545606,-0.03360021589545606,2019-20
leipzig-gegen-frankfurt-2019-bundesliga-4588657,2.0,0.19005311371839945,1.8099468862816006,2019-20
leipzig-gegen-freiburg-2020-bundesliga-4588884,0.0,0.05929820364479583,-0.05929820364479583,2019-20
leipzig-gegen-hoffenheim-2019-bundesliga-4588776,2.0,0.3987466792943086,1.6012533207056914,2019-20
leipzig-gegen-koeln-2019-bundesliga-4588758,1.0,0.7897122367738939,0.2102877632261061,2019-20
leipzig-gegen-leverkusen-2020-bundesliga-4588866,0.0,0.3543971302606301,-0.3543971302606301,2019-20
leipzig-gegen-mainz-2019-bundesliga-4588740,0.0,1.3895484137753564,-1.3895484137753564,2019-20
leipzig-gegen-wolfsburg-2019-bundesliga-4588722,2.0,0.051986014206992594,1.9480139857930074,2019-20
leverkusen-gegen-augsburg-2020-bundesliga-4588857,0.0,0.22327000543088257,-0.22327000543088257,2019-20
leverkusen-gegen-bayern-2020-bundesliga-4588921,0.0,1.006425052410962,-1.006425052410962,2019-20
leverkusen-gegen-duesseldorf-2020-bundesliga-4588822,0.0,0.1213208423197372,-0.1213208423197372,2019-20
leverkusen-gegen-frankfurt-2020-bundesliga-4588875,2.0,1.640324151418532,0.35967584858146795,2019-20
leverkusen-gegen-koeln-2020-bundesliga-4588939,0.0,0.9326471444202538,-0.9326471444202538,2019-20
leverkusen-gegen-mainz-2020-bundesliga-4588956,1.0,0.023309159932127357,0.9766908400678727,2019-20
leverkusen-gegen-mgladbach-2019-bundesliga-4588741,0.0,0.5945943039222874,-0.5945943039222874,2019-20
leverkusen-gegen-paderborn-2019-bundesliga-4588643,0.0,0.8134717248740394,-0.8134717248740394,2019-20
leverkusen-gegen-union-2019-bundesliga-4588695,2.0,0.778287533810717,1.2217124661892829,2019-20
leverkusen-gegen-wolfsburg-2020-bundesliga-4588903,1.0,0.5031093164256062,0.4968906835743938,2019-20
mainz-gegen-bayern-2020-bundesliga-4588834,0.0,0.7537231930612255,-0.7537231930612255,2019-20
mainz-gegen-dortmund-2019-bundesliga-4588789,1.0,0.8845024061794055,0.11549759382059455,2019-20
mainz-gegen-frankfurt-2019-bundesliga-4588771,2.0,0.0952872473574643,1.9047127526425358,2019-20
mainz-gegen-hertha-2019-bundesliga-4588689,0.0,0.42344089792927186,-0.42344089792927186,2019-20
mainz-gegen-leipzig-2020-bundesliga-4588896,0.0,1.5213053652083293,-1.5213053652083293,2019-20
mainz-gegen-schalke-2020-bundesliga-4588851,0.0,0.6636915822312373,-0.6636915822312373,2019-20
mainz-gegen-wolfsburg-2019-bundesliga-4588707,0.0,0.0952872473574643,-0.0952872473574643,2019-20
mgladbach-gegen-augsburg-2019-bundesliga-4588714,1.0,0.6601596807571056,0.3398403192428944,2019-20
mgladbach-gegen-frankfurt-2019-bundesliga-4588732,1.0,1.6910278547489632,-0.6910278547489632,2019-20
mgladbach-gegen-freiburg-2019-bundesliga-4588767,1.0,0.5169789330251572,0.4830210669748428,2019-20
mgladbach-gegen-hoffenheim-2020-bundesliga-4588858,5.0,2.5738064075759692,2.4261935924240308,2019-20
mgladbach-gegen-koeln-2020-bundesliga-4588840,0.0,0.05929820364479583,-0.05929820364479583,2019-20
mgladbach-gegen-leipzig-2019-bundesliga-4588678,0.0,0.4212090373013054,-0.4212090373013054,2019-20
mgladbach-gegen-leverkusen-2020-bundesliga-4588893,0.0,1.1236440180557934,-1.1236440180557934,2019-20
mgladbach-gegen-paderborn-2019-bundesliga-4588795,0.0,-0.013570816937132482,0.013570816937132482,2019-20
mgladbach-gegen-schalke-2019-bundesliga-4588644,0.0,-0.013570816937132482,0.013570816937132482,2019-20
mgladbach-gegen-wolfsburg-2020-bundesliga-4588940,0.0,0.8142725446168525,-0.8142725446168525,2019-20
paderborn-gegen-augsburg-2019-bundesliga-4588756,0.0,0.5738836082124281,-0.5738836082124281,2019-20
paderborn-gegen-bremen-2020-bundesliga-4588936,0.0,1.0311017729559877,-1.0311017729559877,2019-20
paderborn-gegen-freiburg-2019-bundesliga-4588666,1.0,0.6704507367204343,0.3295492632795657,2019-20
paderborn-gegen-hertha-2020-bundesliga-4588854,0.0,0.830988840422743,-0.830988840422743,2019-20
paderborn-gegen-leverkusen-2020-bundesliga-4588819,0.0,0.4321524962045834,-0.4321524962045834,2019-20
paderborn-gegen-mgladbach-2020-bundesliga-4588954,0.0,0.0952872473574643,-0.0952872473574643,2019-20
paderborn-gegen-schalke-2019-bundesliga-4588692,1.0,0.7424359030370291,0.2575640969629709,2019-20
paderborn-gegen-union-2019-bundesliga-4588792,0.0,0.7311165009781284,-0.7311165009781284,2019-20
schalke-gegen-augsburg-2020-bundesliga-4588898,0.0,0.7781711211086498,-0.7781711211086498,2019-20
schalke-gegen-freiburg-2019-bundesliga-4588808,2.0,0.2616074004479783,1.7383925995520217,2019-20
schalke-gegen-koeln-2019-bundesliga-4588719,1.0,0.5129279100637434,0.4870720899362566,2019-20
schalke-gegen-leipzig-2020-bundesliga-4588864,0.0,0.46160689595334076,-0.46160689595334076,2019-20
schalke-gegen-leverkusen-2020-bundesliga-4588934,0.0,-0.013570816937132482,0.013570816937132482,2019-20
schalke-gegen-mainz-2019-bundesliga-4588702,0.0,0.1619728778717953,-0.1619728778717953,2019-20
schalke-gegen-paderborn-2020-bundesliga-4588846,1.0,1.9153536896204846,-0.9153536896204846,2019-20
schalke-gegen-wolfsburg-2020-bundesliga-4588952,0.0,0.16726533478280126,-0.16726533478280126,2019-20
union-gegen-bayern-2020-bundesliga-4588891,4.0,1.0988549177152336,2.901145082284766,2019-20
union-gegen-frankfurt-2019-bundesliga-4588711,0.0,0.35826220841834094,-0.35826220841834094,2019-20
union-gegen-koeln-2019-bundesliga-4588783,0.0,0.4527346081312408,-0.4527346081312408,2019-20
union-gegen-leipzig-2019-bundesliga-4588651,0.0,0.7640142490245543,-0.7640142490245543,2019-20
union-gegen-mainz-2020-bundesliga-4588909,1.0,0.44244355216791204,0.557556447832088,2019-20
union-gegen-mgladbach-2019-bundesliga-4588765,0.0,0.2975964441606468,-0.2975964441606468,2019-20
union-gegen-paderborn-2020-bundesliga-4588945,3.0,1.5314660871239354,1.4685339128760646,2019-20
union-gegen-schalke-2020-bundesliga-4588927,0.0,0.6479564244328715,-0.6479564244328715,2019-20
wolfsburg-gegen-augsburg-2019-bundesliga-4588733,0.0,0.28897566098416866,-0.28897566098416866,2019-20
wolfsburg-gegen-frankfurt-2020-bundesliga-4588912,1.0,0.13127629107013278,0.8687237089298672,2019-20
wolfsburg-gegen-koeln-2019-bundesliga-4588646,0.0,0.11860129728679022,-0.11860129728679022,2019-20
wolfsburg-gegen-leverkusen-2019-bundesliga-4588750,4.0,1.4084345113110375,2.5915654886889623,2019-20
wolfsburg-gegen-mainz-2020-bundesliga-4588859,0.0,1.345225962765754,-1.345225962765754,2019-20
wolfsburg-gegen-union-2019-bundesliga-4588715,0.0,0.04280220600320446,-0.04280220600320446,2019-20
augsburg-gegen-hertha-2020-bundesliga-4667117,0.0,0.4157129960041445,-0.4157129960041445,2020-21
augsburg-gegen-hoffenheim-2021-bundesliga-4667298,0.0,0.5933454722623014,-0.5933454722623014,2020-21
augsburg-gegen-stuttgart-2021-bundesliga-4667190,0.0,0.6397379517338327,-0.6397379517338327,2020-21
bayern-gegen-augsburg-2021-bundesliga-4667354,0.0,0.9589820502728144,-0.9589820502728144,2020-21
bayern-gegen-freiburg-2021-bundesliga-4667192,2.0,1.1874036327820918,0.8125963672179082,2020-21
bayern-gegen-hertha-2020-bundesliga-4667075,0.0,0.09105100348125966,-0.09105100348125966,2020-21
bayern-gegen-hoffenheim-2021-bundesliga-4667219,0.0,1.0884222264940686,-1.0884222264940686,2020-21
bayern-gegen-koeln-2021-bundesliga-4667255,0.0,0.11674899123059944,-0.11674899123059944,2020-21
bayern-gegen-mainz-2021-bundesliga-4667174,0.0,0.19990906777585646,-0.19990906777585646,2020-21
bayern-gegen-schalke-2020-bundesliga-4667048,0.0,0.7629816806101265,-0.7629816806101265,2020-21
bayern-gegen-stuttgart-2021-bundesliga-4667282,0.0,1.3372542368165052,-1.3372542368165052,2020-21
bayern-gegen-wolfsburg-2020-bundesliga-4667156,0.0,0.21417831965548623,-0.21417831965548623,2020-21
bielefeld-gegen-bremen-2021-bundesliga-4667236,0.0,-0.1369561810712626,0.1369561810712626,2020-21
bielefeld-gegen-frankfurt-2021-bundesliga-4667218,1.0,0.21531599956186753,0.7846840004381325,2020-21
bielefeld-gegen-hoffenheim-2021-bundesliga-4667353,0.0,-0.038389172739994516,0.038389172739994516,2020-21
bielefeld-gegen-koeln-2020-bundesliga-4667074,1.0,-0.18412721390385114,1.1841272139038512,2020-21
bielefeld-gegen-leipzig-2021-bundesliga-4667290,0.0,-0.29209434504185655,0.29209434504185655,2020-21
bielefeld-gegen-mgladbach-2021-bundesliga-4667181,0.0,-0.2201162576165196,0.2201162576165196,2020-21
bielefeld-gegen-stuttgart-2021-bundesliga-4667209,0.0,-0.18323628074725978,0.18323628074725978,2020-21
bielefeld-gegen-wolfsburg-2021-bundesliga-4667254,0.0,0.6220003887236281,-0.6220003887236281,2020-21
bremen-gegen-bayern-2021-bundesliga-4667280,0.0,0.5213673848369644,-0.5213673848369644,2020-21
bremen-gegen-leipzig-2021-bundesliga-4667306,0.0,0.4423019169100757,-0.4423019169100757,2020-21
bremen-gegen-stuttgart-2020-bundesliga-4667145,1.0,-0.07526914960925438,1.0752691496092543,2020-21
bremen-gegen-union-2021-bundesliga-4667180,2.0,0.7988583445272608,1.2011416554727392,2020-21
dortmund-gegen-bremen-2021-bundesliga-4667309,0.0,0.4280286321239129,-0.4280286321239129,2020-21
dortmund-gegen-frankfurt-2021-bundesliga-4667291,0.0,0.6797092242693352,-0.6797092242693352,2020-21
dortmund-gegen-leverkusen-2021-bundesliga-4667355,0.0,-0.18323628074725978,0.18323628074725978,2020-21
dortmund-gegen-mgladbach-2020-bundesliga-4667049,0.0,0.959897137991157,-0.959897137991157,2020-21
dortmund-gegen-schalke-2020-bundesliga-4667094,0.0,0.22392124320546877,-0.22392124320546877,2020-21
frankfurt-gegen-augsburg-2021-bundesliga-4667321,1.0,0.13744348295279102,0.8625565170472089,2020-21
frankfurt-gegen-bielefeld-2020-bundesliga-4667052,1.0,0.1877058114516223,0.8122941885483776,2020-21
frankfurt-gegen-bremen-2020-bundesliga-4667105,1.0,0.13733110315725686,0.8626688968427432,2020-21
frankfurt-gegen-dortmund-2020-bundesliga-4667141,0.0,-0.1472472370345913,0.1472472370345913,2020-21
frankfurt-gegen-freiburg-2021-bundesliga-4667358,0.0,1.25205162586262,-1.25205162586262,2020-21
frankfurt-gegen-hertha-2021-bundesliga-4667223,1.0,0.06457446237086271,0.9354255376291373,2020-21
frankfurt-gegen-koeln-2021-bundesliga-4667242,0.0,-0.2561053013291881,0.2561053013291881,2020-21
frankfurt-gegen-mainz-2021-bundesliga-4667340,0.0,0.13744348295279102,-0.13744348295279102,2020-21
frankfurt-gegen-wolfsburg-2021-bundesliga-4667302,0.0,0.4318944482446798,-0.4318944482446798,2020-21
freiburg-gegen-augsburg-2021-bundesliga-4667284,0.0,-0.18412721390385114,0.18412721390385114,2020-21
freiburg-gegen-bayern-2021-bundesliga-4667348,1.0,0.6077311368439984,0.3922688631560016,2020-21
freiburg-gegen-hertha-2020-bundesliga-4667169,0.0,0.2245857883208821,-0.2245857883208821,2020-21
freiburg-gegen-koeln-2021-bundesliga-4667186,0.0,-0.07437821645266299,0.07437821645266299,2020-21
freiburg-gegen-leipzig-2021-bundesliga-4667267,0.0,0.10145443924012254,-0.10145443924012254,2020-21
freiburg-gegen-leverkusen-2020-bundesliga-4667104,0.0,0.34475617578312173,-0.34475617578312173,2020-21
freiburg-gegen-mainz-2020-bundesliga-4667123,3.0,0.2727780883577848,2.727221911642215,2020-21
freiburg-gegen-schalke-2021-bundesliga-4667314,0.0,0.5141635916333455,-0.5141635916333455,2020-21
freiburg-gegen-stuttgart-2021-bundesliga-4667213,0.0,0.5574688083451671,-0.5574688083451671,2020-21
hertha-gegen-dortmund-2020-bundesliga-4667125,1.0,-0.02809811677666582,1.0280981167766658,2020-21
hertha-gegen-frankfurt-2020-bundesliga-4667070,0.0,1.0619456853836717,-1.0619456853836717,2020-21
hertha-gegen-hoffenheim-2021-bundesliga-4667205,0.0,0.2605748320335506,-0.2605748320335506,2020-21
hertha-gegen-koeln-2021-bundesliga-4667349,0.0,0.1772983427862264,-0.1772983427862264,2020-21
hertha-gegen-leipzig-2021-bundesliga-4667250,0.0,-0.11125819332192284,0.11125819332192284,2020-21
hertha-gegen-leverkusen-2021-bundesliga-4667286,0.0,0.4782909606227442,-0.4782909606227442,2020-21
hertha-gegen-schalke-2021-bundesliga-4667178,1.0,0.29656387574621906,0.703436124253781,2020-21
hertha-gegen-stuttgart-2020-bundesliga-4667087,0.0,1.0250657085144117,-1.0250657085144117,2020-21
hertha-gegen-union-2020-bundesliga-4667142,3.0,1.1082257850596688,1.8917742149403312,2020-21
hoffenheim-gegen-augsburg-2020-bundesliga-4667139,0.0,0.28306914432111346,-0.28306914432111346,2020-21
hoffenheim-gegen-bielefeld-2021-bundesliga-4667194,0.0,0.10532025536088946,-0.10532025536088946,2020-21
hoffenheim-gegen-bremen-2021-bundesliga-4667247,0.0,1.3258295338533281,-1.3258295338533281,2020-21
hoffenheim-gegen-frankfurt-2021-bundesliga-4667230,0.0,-0.1472472370345913,0.1472472370345913,2020-21
hoffenheim-gegen-koeln-2021-bundesliga-4667212,0.0,0.2822905909600563,-0.2822905909600563,2020-21
hoffenheim-gegen-leipzig-2020-bundesliga-4667157,2.0,-0.29209434504185655,2.2920943450418565,2020-21
hoffenheim-gegen-leverkusen-2021-bundesliga-4667301,1.0,0.8082405130818096,0.19175948691819045,2020-21
koeln-gegen-augsburg-2021-bundesliga-4667179,0.0,0.3900150082548048,-0.3900150082548048,2020-21
koeln-gegen-bremen-2021-bundesliga-4667271,0.0,0.47715328071636287,-0.47715328071636287,2020-21
koeln-gegen-frankfurt-2020-bundesliga-4667090,1.0,0.7146770007776897,0.2853229992223103,2020-21
koeln-gegen-freiburg-2021-bundesliga-4667342,0.0,-0.002400129027326045,0.002400129027326045,2020-21
koeln-gegen-leipzig-2021-bundesliga-4667323,0.0,0.15171676773895382,-0.15171676773895382,2020-21
koeln-gegen-leverkusen-2020-bundesliga-4667161,0.0,0.7948761157044267,-0.7948761157044267,2020-21
koeln-gegen-stuttgart-2021-bundesliga-4667252,0.0,-0.2201162576165196,0.2201162576165196,2020-21
leipzig-gegen-bayern-2021-bundesliga-4667292,0.0,0.04387997064867111,-0.04387997064867111,2020-21
leipzig-gegen-frankfurt-2021-bundesliga-4667274,1.0,0.42600001906094026,0.5739999809390597,2020-21
leipzig-gegen-freiburg-2020-bundesliga-4667112,0.0,0.451702039716813,-0.451702039716813,2020-21
leipzig-gegen-stuttgart-2021-bundesliga-4667327,1.0,0.0901600703246683,0.9098399296753317,2020-21
leipzig-gegen-wolfsburg-2021-bundesliga-4667345,0.0,-0.07526914960925438,0.07526914960925438,2020-21
leverkusen-gegen-hoffenheim-2020-bundesliga-4667150,0.0,0.1527380349432679,-0.1527380349432679,2020-21
leverkusen-gegen-koeln-2021-bundesliga-4667312,0.0,0.09105100348125966,-0.09105100348125966,2020-21
leverkusen-gegen-mgladbach-2020-bundesliga-4667113,4.0,0.8254472654331919,3.174552734566808,2020-21
leverkusen-gegen-stuttgart-2021-bundesliga-4667229,0.0,1.025956641671003,-1.025956641671003,2020-21
mainz-gegen-augsburg-2021-bundesliga-4667261,0.0,0.12704004719392814,-0.12704004719392814,2020-21
mainz-gegen-bielefeld-2021-bundesliga-4667297,0.0,-0.2201162576165196,0.2201162576165196,2020-21
mainz-gegen-bremen-2020-bundesliga-4667172,0.0,-0.007403625054474228,0.007403625054474228,2020-21
mainz-gegen-dortmund-2021-bundesliga-4667351,0.0,-0.038389172739994516,0.038389172739994516,2020-21
mainz-gegen-frankfurt-2021-bundesliga-4667189,0.0,-0.11125819332192284,0.11125819332192284,2020-21
mainz-gegen-freiburg-2021-bundesliga-4667278,0.0,-0.18412721390385114,0.18412721390385114,2020-21
mainz-gegen-koeln-2020-bundesliga-4667154,1.0,0.42202182314463915,0.5779781768553609,2020-21
mainz-gegen-stuttgart-2020-bundesliga-4667072,0.0,-0.0358211777262319,0.0358211777262319,2020-21
mgladbach-gegen-bielefeld-2021-bundesliga-4667328,0.0,0.7629816806101265,-0.7629816806101265,2020-21
mgladbach-gegen-frankfurt-2021-bundesliga-4667311,0.0,0.49489084372656744,-0.49489084372656744,2020-21
mgladbach-gegen-freiburg-2021-bundesliga-4667293,0.0,-0.1472472370345913,0.1472472370345913,2020-21
mgladbach-gegen-hoffenheim-2020-bundesliga-4667166,0.0,0.5452655520209329,-0.5452655520209329,2020-21
mgladbach-gegen-leipzig-2020-bundesliga-4667102,0.0,-0.1369561810712626,0.1369561810712626,2020-21
mgladbach-gegen-leverkusen-2021-bundesliga-4667265,0.0,-0.1369561810712626,0.1369561810712626,2020-21
schalke-gegen-augsburg-2021-bundesliga-4667304,0.0,0.32934924399711063,-0.32934924399711063,2020-21
schalke-gegen-bayern-2021-bundesliga-4667215,0.0,-0.18323628074725978,0.18323628074725978,2020-21
schalke-gegen-dortmund-2021-bundesliga-4667251,0.0,2.7252407765460736,-2.7252407765460736,2020-21
schalke-gegen-hertha-2021-bundesliga-4667333,0.0,0.7772549653962892,-0.7772549653962892,2020-21
schalke-gegen-hoffenheim-2021-bundesliga-4667188,1.0,-0.07526914960925438,1.0752691496092543,2020-21
schalke-gegen-koeln-2021-bundesliga-4667206,0.0,-0.18323628074725978,0.18323628074725978,2020-21
schalke-gegen-mainz-2021-bundesliga-4667270,0.0,-0.1369561810712626,0.1369561810712626,2020-21
schalke-gegen-mgladbach-2021-bundesliga-4667287,0.0,0.9387019565073779,-0.9387019565073779,2020-21
stuttgart-gegen-bayern-2020-bundesliga-4667137,0.0,0.8100403336471809,-0.8100403336471809,2020-21
stuttgart-gegen-bielefeld-2021-bundesliga-4667362,0.0,0.30762945216407195,-0.30762945216407195,2020-21
stuttgart-gegen-bremen-2021-bundesliga-4667299,0.0,-0.2201162576165196,0.2201162576165196,2020-21
stuttgart-gegen-dortmund-2021-bundesliga-4667308,0.0,0.32214545079349166,-0.32214545079349166,2020-21
stuttgart-gegen-frankfurt-2020-bundesliga-4667119,0.0,0.36943289632814735,-0.36943289632814735,2020-21
stuttgart-gegen-koeln-2020-bundesliga-4667101,0.0,1.869621332967754,-1.869621332967754,2020-21
stuttgart-gegen-leverkusen-2020-bundesliga-4667083,4.0,2.47633783403919,1.5236621659608098,2020-21
stuttgart-gegen-schalke-2021-bundesliga-4667263,0.0,0.41762519636505,-0.41762519636505,2020-21
union-gegen-mainz-2020-bundesliga-4667080,0.0,0.12704004719392814,-0.12704004719392814,2020-21
union-gegen-mgladbach-2021-bundesliga-4667224,0.0,0.2821782111645221,-0.2821782111645221,2020-21
union-gegen-stuttgart-2021-bundesliga-4667315,0.0,-0.002400129027326045,0.002400129027326045,2020-21
wolfsburg-gegen-augsburg-2020-bundesliga-4667078,0.0,-0.05030067317021703,0.05030067317021703,2020-21
wolfsburg-gegen-dortmund-2021-bundesliga-4667330,0.0,-0.1472472370345913,0.1472472370345913,2020-21
wolfsburg-gegen-freiburg-2021-bundesliga-4667222,2.0,0.28306914432111346,1.7169308556788865,2020-21
wolfsburg-gegen-leverkusen-2020-bundesliga-4667051,1.0,0.18808312485358566,0.8119168751464143,2020-21
wolfsburg-gegen-mgladbach-2021-bundesliga-4667241,0.0,-0.2201162576165196,0.2201162576165196,2020-21
wolfsburg-gegen-schalke-2021-bundesliga-4667276,0.0,-0.02809811677666582,0.02809811677666582,2020-21
wolfsburg-gegen-stuttgart-2020-bundesliga-4667168,1.0,0.22446937561881494,0.775530624381185,2020-21
augsburg-gegen-bielefeld-2021-bundesliga-4721565,0.0,1.0274449988298298,-1.0274449988298298,2021-22
augsburg-gegen-dortmund-2022-bundesliga-4721708,1.0,2.551895148402001,-1.551895148402001,2021-22
augsburg-gegen-frankfurt-2022-bundesliga-4721663,2.0,1.2860818450243947,0.7139181549756053,2021-22
augsburg-gegen-freiburg-2022-bundesliga-4721698,2.0,1.243371734666978,0.7566282653330221,2021-22
augsburg-gegen-fuerth-2022-bundesliga-4721799,3.0,1.6565923081050222,1.3434076918949778,2021-22
augsburg-gegen-hertha-2022-bundesliga-4721763,3.0,1.180239430954977,1.819760569045023,2021-22
augsburg-gegen-hoffenheim-2021-bundesliga-4721501,1.0,0.6777097569141469,0.3222902430858531,2021-22
augsburg-gegen-koeln-2022-bundesliga-4721781,1.0,1.5715511183728341,-0.5715511183728341,2021-22
augsburg-gegen-leipzig-2021-bundesliga-4721637,0.0,0.6286492122727589,-0.6286492122727589,2021-22
augsburg-gegen-leverkusen-2021-bundesliga-4721519,1.0,1.1055748756084898,-0.10557487560848977,2021-22
augsburg-gegen-mainz-2022-bundesliga-4721727,2.0,0.6714672792467509,1.3285327207532491,2021-22
augsburg-gegen-mgladbach-2021-bundesliga-4721536,0.0,1.4536097727560595,-1.4536097727560595,2021-22
augsburg-gegen-stuttgart-2021-bundesliga-4721583,2.0,2.084585562091699,-0.0845855620916991,2021-22
augsburg-gegen-union-2022-bundesliga-4721680,0.0,1.0040536036724232,-1.0040536036724232,2021-22
augsburg-gegen-wolfsburg-2022-bundesliga-4721745,2.0,0.8528545618480659,1.1471454381519341,2021-22
bayern-gegen-augsburg-2022-bundesliga-4721747,0.0,1.29526107573652,-1.29526107573652,2021-22
bayern-gegen-bielefeld-2021-bundesliga-4721603,0.0,1.0558178589513503,-1.0558178589513503,2021-22
bayern-gegen-bochum-2021-bundesliga-4721531,0.0,1.0016158846280807,-1.0016158846280807,2021-22
bayern-gegen-dortmund-2022-bundesliga-4721765,0.0,1.2173074330608347,-1.2173074330608347,2021-22
bayern-gegen-fuerth-2022-bundesliga-4721693,4.0,2.79820047870246,1.20179952129754,2021-22
bayern-gegen-hoffenheim-2021-bundesliga-4721567,3.0,1.1413471168126637,1.8586528831873363,2021-22
bayern-gegen-leipzig-2022-bundesliga-4721675,3.0,1.5848877342856735,1.4151122657143265,2021-22
bayern-gegen-leverkusen-2022-bundesliga-4721711,0.0,0.7563729466655237,-0.7563729466655237,2021-22
bayern-gegen-mgladbach-2022-bundesliga-4721648,2.0,0.5720780566334331,1.4279219433665669,2021-22
bayern-gegen-stuttgart-2022-bundesliga-4721783,2.0,0.8212636831300311,1.178736316869969,2021-22
bayern-gegen-union-2022-bundesliga-4721729,0.0,1.434002294445714,-1.434002294445714,2021-22
bayern-gegen-wolfsburg-2021-bundesliga-4721639,0.0,0.35436192804423955,-0.35436192804423955,2021-22
bielefeld-gegen-augsburg-2022-bundesliga-4721717,4.0,2.2441637562165093,1.7558362437834907,2021-22
bielefeld-gegen-bayern-2022-bundesliga-4721764,6.0,3.0801218827342822,2.9198781172657178,2021-22
bielefeld-gegen-frankfurt-2021-bundesliga-4721520,0.0,0.4263400154695765,-0.4263400154695765,2021-22
bielefeld-gegen-fuerth-2022-bundesliga-4721664,0.0,0.9795751626479287,-0.9795751626479287,2021-22
bielefeld-gegen-hertha-2022-bundesliga-4721782,0.0,0.30112905152728836,-0.30112905152728836,2021-22
bielefeld-gegen-hoffenheim-2021-bundesliga-4721538,0.0,0.2918690260163036,-0.2918690260163036,2021-22
bielefeld-gegen-leipzig-2022-bundesliga-4721800,1.0,0.6704702991761958,0.3295297008238042,2021-22
bielefeld-gegen-mainz-2021-bundesliga-4721584,0.0,0.47791785859891706,-0.47791785859891706,2021-22
bielefeld-gegen-mgladbach-2022-bundesliga-4721682,0.0,0.49920903605150485,-0.49920903605150485,2021-22
bielefeld-gegen-stuttgart-2022-bundesliga-4721746,0.0,1.1251814377770109,-1.1251814377770109,2021-22
bielefeld-gegen-union-2022-bundesliga-4721700,0.0,0.4006420277202367,-0.4006420277202367,2021-22
bochum-gegen-augsburg-2022-bundesliga-4721772,2.0,0.5823691125967618,1.4176308874032382,2021-22
bochum-gegen-bayern-2022-bundesliga-4721691,3.0,1.1472415459964032,1.8527584540035968,2021-22
bochum-gegen-bielefeld-2022-bundesliga-4721790,1.0,1.2513332881952237,-0.2513332881952237,2021-22
bochum-gegen-dortmund-2021-bundesliga-4721628,0.0,0.7621839971123814,-0.7621839971123814,2021-22
bochum-gegen-freiburg-2021-bundesliga-4721610,0.0,0.8508743474370759,-0.8508743474370759,2021-22
bochum-gegen-hoffenheim-2021-bundesliga-4721592,1.0,0.8592438258580107,0.14075617414198927,2021-22
bochum-gegen-koeln-2022-bundesliga-4721673,0.0,1.1390711051567197,-1.1390711051567197,2021-22
bochum-gegen-leipzig-2022-bundesliga-4721709,2.0,0.6968612445697203,1.3031387554302798,2021-22
bochum-gegen-leverkusen-2022-bundesliga-4721754,2.0,0.549060253835193,1.450939746164807,2021-22
bochum-gegen-mgladbach-2022-bundesliga-4721736,2.0,0.780158734053958,1.219841265946042,2021-22
bochum-gegen-stuttgart-2021-bundesliga-4721547,0.0,0.8088278977685373,-0.8088278977685373,2021-22
dortmund-gegen-bielefeld-2022-bundesliga-4721720,2.0,0.7066205294641138,1.293379470535886,2021-22
dortmund-gegen-bochum-2022-bundesliga-4721774,2.0,1.3268999429992345,0.6731000570007655,2021-22
dortmund-gegen-frankfurt-2021-bundesliga-4721496,0.0,1.3230742016891888,-1.3230742016891888,2021-22
dortmund-gegen-freiburg-2022-bundesliga-4721657,1.0,1.2237286399968634,-0.22372863999686343,2021-22
dortmund-gegen-fuerth-2021-bundesliga-4721630,0.0,1.5797375317156324,-1.5797375317156324,2021-22
dortmund-gegen-hertha-2022-bundesliga-4721792,4.0,1.025515697235204,2.974484302764796,2021-22
dortmund-gegen-koeln-2021-bundesliga-4721576,1.0,0.5839578517883065,0.4160421482116935,2021-22
dortmund-gegen-leverkusen-2022-bundesliga-4721676,2.0,0.7529142083533669,1.2470857916466331,2021-22
dortmund-gegen-mgladbach-2022-bundesliga-4721694,4.0,2.028190789013227,1.9718092109867729,2021-22
dortmund-gegen-stuttgart-2021-bundesliga-4721594,0.0,0.32518579940966813,-0.32518579940966813,2021-22
dortmund-gegen-wolfsburg-2022-bundesliga-4721756,0.0,1.5542850617034878,-1.5542850617034878,2021-22
frankfurt-gegen-bayern-2022-bundesliga-4721702,2.0,1.4401987417906743,0.5598012582093257,2021-22
frankfurt-gegen-bielefeld-2022-bundesliga-4721667,1.0,0.4632199923388364,0.5367800076611636,2021-22
frankfurt-gegen-bochum-2022-bundesliga-4721721,1.0,0.9128374717489768,0.08716252825102322,2021-22
frankfurt-gegen-dortmund-2022-bundesliga-4721650,1.0,0.9390379200094812,0.060962079990518836,2021-22
frankfurt-gegen-freiburg-2022-bundesliga-4721750,5.0,2.430271003246574,2.569728996753426,2021-22
frankfurt-gegen-fuerth-2022-bundesliga-4721739,1.0,0.28361251734794196,0.716387482652058,2021-22
frankfurt-gegen-hertha-2021-bundesliga-4721559,0.0,1.3636722064124602,-1.3636722064124602,2021-22
frankfurt-gegen-hoffenheim-2022-bundesliga-4721768,2.0,0.9091507150052774,1.0908492849947224,2021-22
frankfurt-gegen-mgladbach-2022-bundesliga-4721785,1.0,1.0391039937181992,-0.03910399371819917,2021-22
frankfurt-gegen-union-2021-bundesliga-4721606,0.0,0.44705738425971153,-0.44705738425971153,2021-22
frankfurt-gegen-wolfsburg-2022-bundesliga-4721685,2.0,1.410921918168295,0.589078081831705,2021-22
freiburg-gegen-augsburg-2021-bundesliga-4721545,0.0,1.1678236579230605,-1.1678236579230605,2021-22
freiburg-gegen-bayern-2022-bundesliga-4721743,0.0,1.1561039310392107,-1.1561039310392107,2021-22
freiburg-gegen-bielefeld-2022-bundesliga-4721652,1.0,0.4746924318959735,0.5253075681040265,2021-22
freiburg-gegen-fuerth-2021-bundesliga-4721581,0.0,1.0685904760262694,-1.0685904760262694,2021-22
freiburg-gegen-hertha-2022-bundesliga-4721706,0.0,0.4759581264095296,-0.4759581264095296,2021-22
freiburg-gegen-koeln-2021-bundesliga-4721527,2.0,0.8159548702397247,1.1840451297602752,2021-22
freiburg-gegen-leipzig-2021-bundesliga-4721563,0.0,1.33514023527885,-1.33514023527885,2021-22
freiburg-gegen-mainz-2022-bundesliga-4721689,0.0,0.5095000920148335,-0.5095000920148335,2021-22
freiburg-gegen-mgladbach-2022-bundesliga-4721769,0.0,0.5823691125967618,-0.5823691125967618,2021-22
freiburg-gegen-stuttgart-2022-bundesliga-4721670,0.0,0.6286492122727589,-0.6286492122727589,2021-22
freiburg-gegen-union-2022-bundesliga-4721786,4.0,0.8463653408619525,3.1536346591380475,2021-22
fuerth-gegen-bayern-2021-bundesliga-4721548,1.0,0.6543472000220988,0.3456527999779012,2021-22
fuerth-gegen-bielefeld-2021-bundesliga-4721512,0.0,0.7110307354569588,-0.7110307354569588,2021-22
fuerth-gegen-dortmund-2022-bundesliga-4721791,0.0,0.44376138170576046,-0.44376138170576046,2021-22
fuerth-gegen-freiburg-2022-bundesliga-4721737,0.0,0.25296259507965446,-0.25296259507965446,2021-22
fuerth-gegen-hertha-2022-bundesliga-4721692,0.0,0.48103981254098255,-0.48103981254098255,2021-22
fuerth-gegen-koeln-2022-bundesliga-4721710,2.0,0.7253040202431216,1.2746959797568784,2021-22
fuerth-gegen-leipzig-2022-bundesliga-4721728,0.0,2.034863771558024,-2.034863771558024,2021-22
fuerth-gegen-leverkusen-2022-bundesliga-4721773,0.0,1.2340631478335122,-1.2340631478335122,2021-22
fuerth-gegen-mainz-2022-bundesliga-4721674,2.0,0.35436192804423955,1.6456380719557604,2021-22
fuerth-gegen-mgladbach-2022-bundesliga-4721755,0.0,0.7375072765673558,-0.7375072765673558,2021-22
fuerth-gegen-stuttgart-2022-bundesliga-4721656,0.0,0.28149290746231126,-0.28149290746231126,2021-22
fuerth-gegen-union-2021-bundesliga-4721629,0.0,0.28149290746231126,-0.28149290746231126,2021-22
fuerth-gegen-wolfsburg-2021-bundesliga-4721530,2.0,1.1548418482377691,0.8451581517622309,2021-22
hertha-gegen-bayern-2022-bundesliga-4721672,0.0,0.7015182328546874,-0.7015182328546874,2021-22
hertha-gegen-bochum-2022-bundesliga-4721681,1.0,0.35436192804423955,0.6456380719557604,2021-22
hertha-gegen-frankfurt-2022-bundesliga-4721716,0.0,0.6079382311205233,-0.6079382311205233,2021-22
hertha-gegen-fuerth-2021-bundesliga-4721537,2.0,2.0743405546415015,-0.07434055464150147,2021-22
hertha-gegen-hoffenheim-2022-bundesliga-4721734,2.0,0.6517293482505109,1.3482706517494891,2021-22
hertha-gegen-koeln-2022-bundesliga-4721654,1.0,0.7375072765673558,0.2624927234326442,2021-22
hertha-gegen-leipzig-2022-bundesliga-4721699,0.0,1.3971223175764542,-1.3971223175764542,2021-22
hertha-gegen-leverkusen-2021-bundesliga-4721590,0.0,0.6810719278644132,-0.6810719278644132,2021-22
hertha-gegen-mainz-2022-bundesliga-4721788,2.0,0.9773800116116061,1.022619988388394,2021-22
hertha-gegen-stuttgart-2022-bundesliga-4721770,4.0,1.4861321430457661,2.513867856954234,2021-22
hertha-gegen-union-2022-bundesliga-4721752,0.0,1.6754819468756288,-1.6754819468756288,2021-22
hoffenheim-gegen-bayern-2022-bundesliga-4721726,1.0,0.5228158991852354,0.4771841008147646,2021-22
hoffenheim-gegen-bielefeld-2022-bundesliga-4721690,0.0,0.7621839971123814,-0.7621839971123814,2021-22
hoffenheim-gegen-bochum-2022-bundesliga-4721744,0.0,0.6733917574734837,-0.6733917574734837,2021-22
hoffenheim-gegen-frankfurt-2021-bundesliga-4721617,0.0,1.0878672568395804,-1.0878672568395804,2021-22
hoffenheim-gegen-freiburg-2022-bundesliga-4721779,0.0,0.5170386035478813,-0.5170386035478813,2021-22
hoffenheim-gegen-fuerth-2022-bundesliga-4721761,1.0,0.7694678729442154,0.23053212705578463,2021-22
hoffenheim-gegen-hertha-2021-bundesliga-4721582,2.0,0.9070311051196467,1.0929688948803533,2021-22
hoffenheim-gegen-koeln-2021-bundesliga-4721564,3.0,1.1166725965000412,1.8833274034999588,2021-22
hoffenheim-gegen-leverkusen-2022-bundesliga-4721787,1.0,0.9041020916903431,0.09589790830965694,2021-22
hoffenheim-gegen-stuttgart-2022-bundesliga-4721707,4.0,1.9904528040388174,2.009547195961183,2021-22
hoffenheim-gegen-wolfsburg-2021-bundesliga-4721546,2.0,1.0468747170997639,0.9531252829002361,2021-22
koeln-gegen-augsburg-2021-bundesliga-4721627,0.0,1.2092376745108901,-1.2092376745108901,2021-22
koeln-gegen-bayern-2022-bundesliga-4721665,0.0,1.2604962370705892,-1.2604962370705892,2021-22
koeln-gegen-bielefeld-2022-bundesliga-4721771,4.0,2.259943961966023,1.740056038033977,2021-22
koeln-gegen-dortmund-2022-bundesliga-4721735,2.0,2.0810863471523176,-0.08108634715231755,2021-22
koeln-gegen-frankfurt-2022-bundesliga-4721701,0.0,0.7800213211149774,-0.7800213211149774,2021-22
koeln-gegen-freiburg-2022-bundesliga-4721683,2.0,0.7858116689885495,1.2141883310114505,2021-22
koeln-gegen-hoffenheim-2022-bundesliga-4721718,0.0,1.0430499946551142,-1.0430499946551142,2021-22
koeln-gegen-leverkusen-2021-bundesliga-4721574,0.0,0.8198887997515557,-0.8198887997515557,2021-22
koeln-gegen-mainz-2022-bundesliga-4721753,0.0,1.2210901529698135,-1.2210901529698135,2021-22
koeln-gegen-mgladbach-2021-bundesliga-4721609,1.0,0.6533259328177847,0.3466740671822153,2021-22
koeln-gegen-stuttgart-2021-bundesliga-4721645,0.0,0.9276132170463042,-0.9276132170463042,2021-22
leipzig-gegen-augsburg-2022-bundesliga-4721784,1.0,0.5969909982050965,0.4030090017949035,2021-22
leipzig-gegen-fuerth-2021-bundesliga-4721568,2.0,1.247996503390943,0.752003496609057,2021-22
leipzig-gegen-hoffenheim-2022-bundesliga-4721748,3.0,0.810376297149284,2.189623702850716,2021-22
leipzig-gegen-koeln-2022-bundesliga-4721684,0.0,1.2270509531257472,-1.2270509531257472,2021-22
leipzig-gegen-mainz-2022-bundesliga-4721649,2.0,1.0684780962307352,0.9315219037692648,2021-22
leipzig-gegen-stuttgart-2021-bundesliga-4721505,0.0,0.5280909703361134,-0.5280909703361134,2021-22
leipzig-gegen-wolfsburg-2022-bundesliga-4721666,2.0,0.31748195117497974,1.6825180488250202,2021-22
leverkusen-gegen-augsburg-2022-bundesliga-4721668,0.0,0.5351980797641733,-0.5351980797641733,2021-22
leverkusen-gegen-bayern-2021-bundesliga-4721560,0.0,1.6014560945360765,-1.6014560945360765,2021-22
leverkusen-gegen-bielefeld-2022-bundesliga-4721703,1.0,0.711809288818016,0.288190711181984,2021-22
leverkusen-gegen-frankfurt-2022-bundesliga-4721775,1.0,0.41673898179732344,0.5832610182026765,2021-22
leverkusen-gegen-freiburg-2022-bundesliga-4721794,0.0,0.41225731434694274,-0.41225731434694274,2021-22
leverkusen-gegen-hertha-2022-bundesliga-4721740,4.0,1.3561049183106206,2.6438950816893794,2021-22
leverkusen-gegen-koeln-2022-bundesliga-4721722,5.0,2.624831285026969,2.375168714973031,2021-22
leverkusen-gegen-leipzig-2022-bundesliga-4721757,1.0,0.4203521252119986,0.5796478747880014,2021-22
leverkusen-gegen-mgladbach-2021-bundesliga-4721507,0.0,2.2816532474718323,-2.2816532474718323,2021-22
leverkusen-gegen-stuttgart-2022-bundesliga-4721686,2.0,2.1767774120000696,-0.17677741200006958,2021-22
leverkusen-gegen-union-2022-bundesliga-4721651,1.0,1.1917218251070292,-0.19172182510702918,2021-22
leverkusen-gegen-wolfsburg-2021-bundesliga-4721578,0.0,0.44064122912963777,-0.44064122912963777,2021-22
mainz-gegen-bayern-2022-bundesliga-4721780,0.0,2.029374388992031,-2.029374388992031,2021-22
mainz-gegen-bielefeld-2022-bundesliga-4721733,4.0,1.0955404610313213,2.9044595389686787,2021-22
mainz-gegen-bochum-2022-bundesliga-4721662,1.0,0.24550386374964278,0.7544961362503573,2021-22
mainz-gegen-frankfurt-2022-bundesliga-4721798,1.0,0.9894601900999008,0.010539809900099173,2021-22
mainz-gegen-freiburg-2021-bundesliga-4721535,1.0,0.6893149765304531,0.31068502346954685,2021-22
mainz-gegen-hertha-2021-bundesliga-4721636,0.0,1.599543894175171,-1.599543894175171,2021-22
mainz-gegen-hoffenheim-2022-bundesliga-4721679,0.0,0.5661836274496935,-0.5661836274496935,2021-22
mainz-gegen-leverkusen-2022-bundesliga-4721697,2.0,0.7981730408250499,1.2018269591749502,2021-22
mainz-gegen-stuttgart-2022-bundesliga-4721762,2.0,0.6296648167884245,1.3703351832115755,2021-22
mainz-gegen-wolfsburg-2021-bundesliga-4721618,0.0,0.4632199923388364,-0.4632199923388364,2021-22
mgladbach-gegen-augsburg-2022-bundesliga-4721688,1.0,1.7022370339782278,-0.7022370339782278,2021-22
mgladbach-gegen-bayern-2021-bundesliga-4721495,0.0,0.6356579757894504,-0.6356579757894504,2021-22
mgladbach-gegen-dortmund-2021-bundesliga-4721544,2.0,0.5933763262980023,1.4066236737019977,2021-22
mgladbach-gegen-frankfurt-2021-bundesliga-4721634,0.0,1.2173034001543017,-1.2173034001543017,2021-22
mgladbach-gegen-freiburg-2021-bundesliga-4721615,0.0,1.6487574614163878,-1.6487574614163878,2021-22
mgladbach-gegen-fuerth-2021-bundesliga-4721597,2.0,0.5720780566334331,1.4279219433665669,2021-22
mgladbach-gegen-hertha-2022-bundesliga-4721724,2.0,1.888604259244662,0.11139574075533809,2021-22
mgladbach-gegen-hoffenheim-2022-bundesliga-4721796,1.0,0.7631277964787194,0.23687220352128058,2021-22
mgladbach-gegen-koeln-2022-bundesliga-4721759,2.0,1.2541874099300943,0.7458125900699057,2021-22
mgladbach-gegen-leipzig-2022-bundesliga-4721777,2.0,1.3951198054305018,0.6048801945694982,2021-22
mgladbach-gegen-leverkusen-2022-bundesliga-4721660,0.0,0.8450191106039922,-0.8450191106039922,2021-22
mgladbach-gegen-mainz-2022-bundesliga-4721742,0.0,1.0936305964447204,-1.0936305964447204,2021-22
mgladbach-gegen-union-2022-bundesliga-4721669,0.0,0.7734963202800242,-0.7734963202800242,2021-22
mgladbach-gegen-wolfsburg-2022-bundesliga-4721705,3.0,1.1416381299669236,1.8583618700330764,2021-22
stuttgart-gegen-augsburg-2022-bundesliga-4721732,0.0,0.6244659688538137,-0.6244659688538137,2021-22
stuttgart-gegen-bielefeld-2021-bundesliga-4721588,0.0,0.8194539273738586,-0.8194539273738586,2021-22
stuttgart-gegen-dortmund-2022-bundesliga-4721751,3.0,3.8310540705449303,-0.8310540705449303,2021-22
stuttgart-gegen-frankfurt-2022-bundesliga-4721678,0.0,0.47076626037810354,-0.47076626037810354,2021-22
stuttgart-gegen-hertha-2021-bundesliga-4721616,2.0,0.810376297149284,1.189623702850716,2021-22
stuttgart-gegen-hoffenheim-2021-bundesliga-4721553,0.0,0.4475559281362987,-0.4475559281362987,2021-22
stuttgart-gegen-leipzig-2022-bundesliga-4721661,2.0,1.1556204015988265,0.8443795984011735,2021-22
stuttgart-gegen-leverkusen-2021-bundesliga-4721534,0.0,1.3651158894709603,-1.3651158894709603,2021-22
stuttgart-gegen-mgladbach-2022-bundesliga-4721714,1.0,1.1463341234097677,-0.1463341234097677,2021-22
stuttgart-gegen-wolfsburg-2022-bundesliga-4721778,0.0,0.7220798176699645,-0.7220798176699645,2021-22
union-gegen-augsburg-2021-bundesliga-4721525,0.0,0.848173387465893,-0.848173387465893,2021-22
union-gegen-bayern-2021-bundesliga-4721579,0.0,1.1607362774215089,-1.1607362774215089,2021-22
union-gegen-bochum-2022-bundesliga-4721795,2.0,1.909820222116359,0.09017977788364107,2021-22
union-gegen-dortmund-2022-bundesliga-4721687,1.0,0.8198887997515557,0.1801112002484443,2021-22
union-gegen-frankfurt-2022-bundesliga-4721758,1.0,0.7015182328546874,0.2984817671453126,2021-22
union-gegen-freiburg-2021-bundesliga-4721633,0.0,0.9740056965178354,-0.9740056965178354,2021-22
union-gegen-hertha-2021-bundesliga-4721596,2.0,0.8926454405379498,1.1073545594620502,2021-22
union-gegen-hoffenheim-2022-bundesliga-4721659,1.0,0.5374619601759535,0.4625380398240465,2021-22
union-gegen-koeln-2022-bundesliga-4721741,0.0,1.4240201858412846,-1.4240201858412846,2021-22
union-gegen-leipzig-2021-bundesliga-4721614,0.0,0.7117056947076981,-0.7117056947076981,2021-22
union-gegen-leverkusen-2021-bundesliga-4721498,0.0,1.2623764198320446,-1.2623764198320446,2021-22
union-gegen-mgladbach-2021-bundesliga-4721516,0.0,0.49920903605150485,-0.49920903605150485,2021-22
union-gegen-stuttgart-2022-bundesliga-4721723,0.0,0.4653469389699425,-0.4653469389699425,2021-22
union-gegen-wolfsburg-2021-bundesliga-4721561,0.0,0.6975992695839607,-0.6975992695839607,2021-22
wolfsburg-gegen-augsburg-2021-bundesliga-4721587,0.0,1.6478636880231923,-1.6478636880231923,2021-22
wolfsburg-gegen-bayern-2022-bundesliga-4721793,0.0,2.6749552802292182,-2.6749552802292182,2021-22
wolfsburg-gegen-bielefeld-2022-bundesliga-4721749,5.0,3.479533846722452,1.5204661532775479,2021-22
wolfsburg-gegen-freiburg-2021-bundesliga-4721569,2.0,0.9580570185441181,1.041942981455882,2021-22
wolfsburg-gegen-fuerth-2022-bundesliga-4721677,1.0,0.7015182328546874,0.2984817671453126,2021-22
wolfsburg-gegen-hertha-2022-bundesliga-4721658,0.0,0.28149290746231126,-0.28149290746231126,2021-22
wolfsburg-gegen-hoffenheim-2022-bundesliga-4721695,0.0,1.1188528045251007,-1.1188528045251007,2021-22
wolfsburg-gegen-koeln-2021-bundesliga-4721631,0.0,1.3186263082074223,-1.3186263082074223,2021-22
wolfsburg-gegen-leipzig-2021-bundesliga-4721515,0.0,1.4892652714213923,-1.4892652714213923,2021-22
wolfsburg-gegen-leverkusen-2022-bundesliga-4721731,0.0,0.701807068642656,-0.701807068642656,2021-22
wolfsburg-gegen-mainz-2022-bundesliga-4721767,2.0,1.229510689385069,0.7704893106149311,2021-22
wolfsburg-gegen-union-2022-bundesliga-4721713,0.0,0.3914644611913864,-0.3914644611913864,2021-22
augsburg-gegen-bochum-2022-bundesliga-4781563,4.0,1.6383311081056509,2.3616688918943494,2022-23
augsburg-gegen-bremen-2023-bundesliga-4781637,0.0,1.6821012076101265,-1.6821012076101265,2022-23
augsburg-gegen-frankfurt-2022-bundesliga-4781546,0.0,0.7652434414617985,-0.7652434414617985,2022-23
augsburg-gegen-freiburg-2022-bundesliga-4781439,3.0,1.3139247131923932,1.6860752868076068,2022-23
augsburg-gegen-hertha-2022-bundesliga-4781475,1.0,1.3447638470628576,-0.34476384706285756,2022-23
augsburg-gegen-leverkusen-2023-bundesliga-4781601,0.0,0.6174158386778689,-0.6174158386778689,2022-23
augsburg-gegen-mainz-2022-bundesliga-4781457,0.0,1.3914212361805731,-1.3914212361805731,2022-23
augsburg-gegen-wolfsburg-2022-bundesliga-4781510,3.0,2.06614816991647,0.9338518300835301,2022-23
bayern-gegen-bochum-2023-bundesliga-4781603,1.0,1.085175743817239,-0.08517574381723891,2022-23
bayern-gegen-bremen-2022-bundesliga-4781549,2.0,2.8843427573670644,-0.8843427573670644,2022-23
bayern-gegen-freiburg-2022-bundesliga-4781513,0.0,0.7425389848120554,-0.7425389848120554,2022-23
bayern-gegen-hertha-2023-bundesliga-4781693,4.0,0.7365580304879594,3.2634419695120407,2022-23
bayern-gegen-leverkusen-2022-bundesliga-4781495,0.0,1.497517358690645,-1.497517358690645,2022-23
bayern-gegen-mainz-2022-bundesliga-4781531,2.0,1.3639825738510223,0.6360174261489777,2022-23
bayern-gegen-mgladbach-2022-bundesliga-4781459,3.0,2.0301226706649063,0.9698773293350937,2022-23
bayern-gegen-stuttgart-2022-bundesliga-4781477,0.0,0.8468775033013879,-0.8468775033013879,2022-23
bayern-gegen-union-2023-bundesliga-4781621,0.0,1.3054992178507911,-1.3054992178507911,2022-23
bayern-gegen-wolfsburg-2022-bundesliga-4781441,3.0,1.5294117937849452,1.4705882062150548,2022-23
bochum-gegen-augsburg-2023-bundesliga-4781718,3.0,2.4758922560040055,0.5241077439959945,2022-23
bochum-gegen-bayern-2022-bundesliga-4781456,2.0,1.5560007146908763,0.4439992853091237,2022-23
bochum-gegen-bremen-2022-bundesliga-4781474,0.0,0.7860082439356721,-0.7860082439356721,2022-23
bochum-gegen-frankfurt-2022-bundesliga-4781509,0.0,0.5948810362524097,-0.5948810362524097,2022-23
bochum-gegen-koeln-2022-bundesliga-4781492,0.0,0.7403527707367947,-0.7403527707367947,2022-23
bochum-gegen-stuttgart-2023-bundesliga-4781672,2.0,0.9484183688508121,1.051581631149188,2022-23
bochum-gegen-union-2022-bundesliga-4781528,1.0,1.7895343672050381,-0.7895343672050381,2022-23
bochum-gegen-wolfsburg-2023-bundesliga-4781690,2.0,1.5183421844605594,0.48165781553944065,2022-23
bremen-gegen-augsburg-2022-bundesliga-4781485,4.0,1.597670153249122,2.4023298467508782,2022-23
bremen-gegen-bochum-2023-bundesliga-4781629,0.0,1.388659294396048,-1.388659294396048,2022-23
bremen-gegen-frankfurt-2022-bundesliga-4781467,2.0,2.448196440440197,-0.448196440440197,2022-23
bremen-gegen-freiburg-2023-bundesliga-4781683,0.0,0.9875388873777975,-0.9875388873777975,2022-23
bremen-gegen-hoffenheim-2023-bundesliga-4781665,1.0,0.5917515988965256,0.4082484011034744,2022-23
bremen-gegen-koeln-2023-bundesliga-4781728,2.0,2.53240296447306,-0.5324029644730599,2022-23
bremen-gegen-leipzig-2022-bundesliga-4781566,0.0,1.4753895581768797,-1.4753895581768797,2022-23
bremen-gegen-mainz-2022-bundesliga-4781521,0.0,1.1507275656539946,-1.1507275656539946,2022-23
bremen-gegen-mgladbach-2022-bundesliga-4781503,0.0,1.2345423976297683,-1.2345423976297683,2022-23
bremen-gegen-schalke-2022-bundesliga-4781548,1.0,1.6135893317167183,-0.6135893317167183,2022-23
bremen-gegen-stuttgart-2022-bundesliga-4781449,3.0,2.3974889287361068,0.6025110712638932,2022-23
bremen-gegen-union-2023-bundesliga-4781584,3.0,1.4199763067590068,1.5800236932409932,2022-23
bremen-gegen-wolfsburg-2023-bundesliga-4781593,3.0,0.8856925391803417,2.114307460819658,2022-23
dortmund-gegen-bochum-2022-bundesliga-4781540,2.0,1.6269575349118992,0.3730424650881008,2022-23
dortmund-gegen-bremen-2022-bundesliga-4781450,3.0,1.7945250553860304,1.2054749446139696,2022-23
dortmund-gegen-freiburg-2023-bundesliga-4781594,0.0,0.983884413276895,-0.983884413276895,2022-23
dortmund-gegen-hoffenheim-2022-bundesliga-4781468,0.0,2.0981247597207036,-2.0981247597207036,2022-23
dortmund-gegen-schalke-2022-bundesliga-4781486,3.0,2.1661581046384635,0.8338418953615365,2022-23
dortmund-gegen-stuttgart-2022-bundesliga-4781522,0.0,1.3783682384327194,-1.3783682384327194,2022-23
dortmund-gegen-wolfsburg-2023-bundesliga-4781702,0.0,0.851397049106652,-0.851397049106652,2022-23
frankfurt-gegen-augsburg-2023-bundesliga-4781697,0.0,1.314779512937035,-1.314779512937035,2022-23
frankfurt-gegen-bayern-2022-bundesliga-4781432,2.0,1.581698702440216,0.41830129755978396,2022-23
frankfurt-gegen-dortmund-2022-bundesliga-4781535,1.0,1.7726519733397073,-0.7726519733397073,2022-23
frankfurt-gegen-freiburg-2023-bundesliga-4781734,1.0,1.060361993781136,-0.060361993781135936,2022-23
frankfurt-gegen-hoffenheim-2022-bundesliga-4781553,2.0,2.3028704408636003,-0.30287044086360027,2022-23
frankfurt-gegen-koeln-2022-bundesliga-4781454,0.0,1.0818809530429745,-1.0818809530429745,2022-23
frankfurt-gegen-leipzig-2022-bundesliga-4781472,2.0,4.345855429478574,-2.345855429478574,2022-23
frankfurt-gegen-leverkusen-2022-bundesliga-4781517,2.0,0.7534550160612821,1.246544983938718,2022-23
frankfurt-gegen-mainz-2023-bundesliga-4781716,0.0,1.0888043564659118,-1.0888043564659118,2022-23
frankfurt-gegen-stuttgart-2023-bundesliga-4781643,0.0,0.5985432401318661,-0.5985432401318661,2022-23
freiburg-gegen-bremen-2022-bundesliga-4781524,0.0,1.7671939818014126,-1.7671939818014126,2022-23
freiburg-gegen-dortmund-2022-bundesliga-4781444,0.0,0.7876470293530988,-0.7876470293530988,2022-23
freiburg-gegen-hertha-2023-bundesliga-4781660,0.0,0.5948810362524097,-0.5948810362524097,2022-23
freiburg-gegen-hoffenheim-2023-bundesliga-4781641,1.0,0.7128336213026217,0.28716637869737827,2022-23
freiburg-gegen-koeln-2022-bundesliga-4781542,0.0,0.5588919925397413,-0.5588919925397413,2022-23
freiburg-gegen-leipzig-2023-bundesliga-4781704,0.0,0.7500192002230037,-0.7500192002230037,2022-23
freiburg-gegen-leverkusen-2023-bundesliga-4781623,1.0,1.3913635760092005,-0.39136357600920046,2022-23
freiburg-gegen-mainz-2022-bundesliga-4781497,1.0,1.1823678687700316,-0.18236786877003164,2022-23
freiburg-gegen-mgladbach-2022-bundesliga-4781479,2.0,0.8435827125271236,1.1564172874728764,2022-23
freiburg-gegen-union-2022-bundesliga-4781559,0.0,1.5192331176171505,-1.5192331176171505,2022-23
hertha-gegen-augsburg-2023-bundesliga-4781627,0.0,0.9992129563523906,-0.9992129563523906,2022-23
hertha-gegen-bremen-2023-bundesliga-4781692,2.0,1.1607824438912486,0.8392175561087514,2022-23
hertha-gegen-dortmund-2022-bundesliga-4781465,0.0,1.356240437918954,-1.356240437918954,2022-23
hertha-gegen-frankfurt-2022-bundesliga-4781447,2.0,1.1841638835176052,0.8158361164823948,2022-23
hertha-gegen-freiburg-2022-bundesliga-4781512,1.0,0.8125971648416033,0.18740283515839673,2022-23
hertha-gegen-hoffenheim-2022-bundesliga-4781501,0.0,1.935876931959622,-1.935876931959622,2022-23
hertha-gegen-koeln-2022-bundesliga-4781564,2.0,1.7082119898100017,0.29178801018999834,2022-23
hertha-gegen-leverkusen-2022-bundesliga-4781483,0.0,0.8761729171149061,-0.8761729171149061,2022-23
hoffenheim-gegen-augsburg-2022-bundesliga-4781464,2.0,1.0821567618157355,0.9178432381842645,2022-23
hoffenheim-gegen-bayern-2022-bundesliga-4781526,1.0,1.7317209905881277,-0.7317209905881277,2022-23
hoffenheim-gegen-bochum-2022-bundesliga-4781446,3.0,0.9730875422020228,2.026912457797977,2022-23
hoffenheim-gegen-bremen-2022-bundesliga-4781507,3.0,1.2415142083933122,1.7584857916066878,2022-23
hoffenheim-gegen-frankfurt-2023-bundesliga-4781706,3.0,1.3630916406944311,1.6369083593055689,2022-23
hoffenheim-gegen-freiburg-2022-bundesliga-4781490,0.0,0.8435827125271236,-0.8435827125271236,2022-23
hoffenheim-gegen-leipzig-2022-bundesliga-4781544,5.0,3.0411389082123277,1.9588610917876723,2022-23
hoffenheim-gegen-mainz-2022-bundesliga-4781481,5.0,3.21456873203346,1.78543126796654,2022-23
hoffenheim-gegen-wolfsburg-2022-bundesliga-4781561,4.0,1.7535453234923697,2.2464546765076303,2022-23
koeln-gegen-augsburg-2022-bundesliga-4781516,4.0,1.663313090398365,2.336686909601635,2022-23
koeln-gegen-bayern-2023-bundesliga-4781732,1.0,1.677694722073529,-0.677694722073529,2022-23
koeln-gegen-dortmund-2022-bundesliga-4781498,0.0,1.092374543701486,-1.092374543701486,2022-23
koeln-gegen-freiburg-2023-bundesliga-4781696,2.0,0.5948810362524097,1.4051189637475903,2022-23
koeln-gegen-hoffenheim-2022-bundesliga-4781534,0.0,1.3244041362249166,-1.3244041362249166,2022-23
koeln-gegen-leipzig-2023-bundesliga-4781596,2.0,1.0161829977679182,0.9838170022320818,2022-23
koeln-gegen-leverkusen-2022-bundesliga-4781552,2.0,1.5096003964950142,0.4903996035049858,2022-23
koeln-gegen-mgladbach-2023-bundesliga-4781661,0.0,1.1575212443477678,-1.1575212443477678,2022-23
koeln-gegen-schalke-2022-bundesliga-4781435,4.0,1.1471178085889049,2.852882191411095,2022-23
koeln-gegen-stuttgart-2022-bundesliga-4781462,4.0,1.6592268506634074,2.3407731493365924,2022-23
koeln-gegen-wolfsburg-2023-bundesliga-4781624,1.0,0.8987713250352608,0.1012286749647392,2022-23
leipzig-gegen-bochum-2022-bundesliga-4781496,0.0,2.0699900943316525,-2.0699900943316525,2022-23
leipzig-gegen-dortmund-2022-bundesliga-4781478,0.0,1.0272297047994376,-1.0272297047994376,2022-23
leipzig-gegen-freiburg-2022-bundesliga-4781550,3.0,2.4895438121848863,0.5104561878151137,2022-23
leipzig-gegen-hertha-2022-bundesliga-4781514,1.0,1.4863353695707247,-0.48633536957072465,2022-23
leipzig-gegen-koeln-2022-bundesliga-4781443,0.0,1.458717474425596,-1.458717474425596,2022-23
leipzig-gegen-leverkusen-2022-bundesliga-4781532,0.0,1.3763566992024827,-1.3763566992024827,2022-23
leipzig-gegen-mgladbach-2023-bundesliga-4781640,0.0,0.7983523583336394,-0.7983523583336394,2022-23
leipzig-gegen-stuttgart-2023-bundesliga-4781587,0.0,0.9786510112526456,-0.9786510112526456,2022-23
leverkusen-gegen-augsburg-2022-bundesliga-4781442,4.0,1.239622358995868,2.760377641004132,2022-23
leverkusen-gegen-bremen-2022-bundesliga-4781487,1.0,0.7387473396527504,0.2612526603472496,2022-23
leverkusen-gegen-freiburg-2022-bundesliga-4781469,5.0,3.904569369873411,1.095430630126589,2022-23
leverkusen-gegen-hertha-2023-bundesliga-4781631,2.0,1.4350517738675794,0.5649482261324206,2022-23
leverkusen-gegen-leipzig-2023-bundesliga-4781685,2.0,1.229373193495361,0.7706268065046391,2022-23
leverkusen-gegen-mainz-2023-bundesliga-4781613,4.0,1.4090357273556773,2.5909642726443227,2022-23
leverkusen-gegen-schalke-2022-bundesliga-4781505,2.0,0.7785280285247238,1.2214719714752762,2022-23
leverkusen-gegen-stuttgart-2022-bundesliga-4781558,0.0,1.264038121471264,-1.264038121471264,2022-23
leverkusen-gegen-union-2022-bundesliga-4781541,0.0,0.6915763068201619,-0.6915763068201619,2022-23
mainz-gegen-augsburg-2023-bundesliga-4781607,2.0,1.6579379213937435,0.3420620786062565,2022-23
mainz-gegen-bayern-2023-bundesliga-4781687,3.0,2.4957818712295405,0.5042181287704595,2022-23
mainz-gegen-bremen-2023-bundesliga-4781669,0.0,1.5152886300649222,-1.5152886300649222,2022-23
mainz-gegen-frankfurt-2022-bundesliga-4781560,1.0,0.8123308581621317,0.18766914183786831,2022-23
mainz-gegen-freiburg-2023-bundesliga-4781651,2.0,1.057632379312468,0.942367620687532,2022-23
mainz-gegen-koeln-2022-bundesliga-4781525,2.0,1.637491304718485,0.3625086952815151,2022-23
mainz-gegen-leipzig-2022-bundesliga-4781506,0.0,1.1719456251459595,-1.1719456251459595,2022-23
mainz-gegen-leverkusen-2022-bundesliga-4781463,3.0,0.923375136531989,2.076624863468011,2022-23
mainz-gegen-stuttgart-2023-bundesliga-4781723,3.0,0.8957572413868603,2.1042427586131396,2022-23
mainz-gegen-union-2022-bundesliga-4781445,0.0,1.0027031053205517,-1.0027031053205517,2022-23
mainz-gegen-wolfsburg-2022-bundesliga-4781543,2.0,1.522560591009468,0.47743940899053205,2022-23
mgladbach-gegen-augsburg-2023-bundesliga-4781733,3.0,1.5078043817474407,1.4921956182525593,2022-23
mgladbach-gegen-dortmund-2022-bundesliga-4781562,1.0,1.304768973187039,-0.3047689731870391,2022-23
mgladbach-gegen-frankfurt-2022-bundesliga-4781527,0.0,2.0237279489078435,-2.0237279489078435,2022-23
mgladbach-gegen-freiburg-2023-bundesliga-4781634,0.0,0.6368067290315698,-0.6368067290315698,2022-23
mgladbach-gegen-hoffenheim-2022-bundesliga-4781436,2.0,1.5770880413224646,0.4229119586775354,2022-23
mgladbach-gegen-koeln-2022-bundesliga-4781508,3.0,1.4075642127701735,1.5924357872298265,2022-23
mgladbach-gegen-leverkusen-2023-bundesliga-4781571,0.0,0.7785280285247238,-0.7785280285247238,2022-23
mgladbach-gegen-schalke-2023-bundesliga-4781597,0.0,0.6668591236777467,-0.6668591236777467,2022-23
mgladbach-gegen-stuttgart-2022-bundesliga-4781545,3.0,1.6951426796190687,1.3048573203809313,2022-23
mgladbach-gegen-wolfsburg-2023-bundesliga-4781671,1.0,0.9927803590345943,0.007219640965405727,2022-23
schalke-gegen-augsburg-2022-bundesliga-4781502,2.0,1.4764108253811936,0.5235891746188064,2022-23
schalke-gegen-bayern-2022-bundesliga-4781565,0.0,1.760858831525319,-1.760858831525319,2022-23
schalke-gegen-freiburg-2022-bundesliga-4781538,0.0,0.9155607999524605,-0.9155607999524605,2022-23
schalke-gegen-hoffenheim-2022-bundesliga-4781520,2.0,1.341854773337257,0.658145226662743,2022-23
schalke-gegen-koeln-2023-bundesliga-4781592,2.0,1.4589082087290546,0.5410917912709454,2022-23
schalke-gegen-leipzig-2023-bundesliga-4781583,4.0,1.4471426503962794,2.5528573496037206,2022-23
schalke-gegen-mainz-2022-bundesliga-4781557,0.0,1.6567781357264728,-1.6567781357264728,2022-23
schalke-gegen-mgladbach-2022-bundesliga-4781448,2.0,1.2966019962636923,0.7033980037363077,2022-23
schalke-gegen-union-2022-bundesliga-4781466,3.0,2.3633033479842926,0.6366966520157074,2022-23
stuttgart-gegen-augsburg-2022-bundesliga-4781537,3.0,3.206118189518575,-0.20611818951857508,2022-23
stuttgart-gegen-bayern-2023-bundesliga-4781638,0.0,0.8907056940661594,-0.8907056940661594,2022-23
stuttgart-gegen-frankfurt-2022-bundesliga-4781494,0.0,1.3202513942062857,-1.3202513942062857,2022-23
stuttgart-gegen-freiburg-2022-bundesliga-4781458,1.0,1.033048742723013,-0.03304874272301306,2022-23
stuttgart-gegen-leipzig-2022-bundesliga-4781440,4.0,0.8132408615053528,3.186759138494647,2022-23
stuttgart-gegen-leverkusen-2023-bundesliga-4781719,0.0,1.374425200535848,-1.374425200535848,2022-23
stuttgart-gegen-schalke-2022-bundesliga-4781476,2.0,1.2941729582047217,0.7058270417952783,2022-23
stuttgart-gegen-union-2022-bundesliga-4781511,1.0,2.18874874176526,-1.1887487417652598,2022-23
union-gegen-augsburg-2022-bundesliga-4781551,4.0,2.8847355922764613,1.1152644077235387,2022-23
union-gegen-bayern-2022-bundesliga-4781470,0.0,1.0508954053574542,-1.0508954053574542,2022-23
union-gegen-dortmund-2022-bundesliga-4781515,0.0,0.8505061159500608,-0.8505061159500608,2022-23
union-gegen-frankfurt-2023-bundesliga-4781650,0.0,0.5414337014308968,-0.5414337014308968,2022-23
union-gegen-hertha-2022-bundesliga-4781434,1.0,0.7763418144494632,0.22365818555053685,2022-23
union-gegen-koeln-2023-bundesliga-4781632,0.0,0.9492557704990386,-0.9492557704990386,2022-23
union-gegen-leipzig-2022-bundesliga-4781452,0.0,2.560972239945051,-2.560972239945051,2022-23
union-gegen-mgladbach-2022-bundesliga-4781533,0.0,1.1147385219413262,-1.1147385219413262,2022-23
union-gegen-schalke-2023-bundesliga-4781614,2.0,1.7137466469798996,0.28625335302010035,2022-23
union-gegen-wolfsburg-2022-bundesliga-4781488,0.0,0.9028592581209742,-0.9028592581209742,2022-23
wolfsburg-gegen-augsburg-2023-bundesliga-4781663,0.0,0.9808372253279063,-0.9808372253279063,2022-23
wolfsburg-gegen-bayern-2023-bundesliga-4781599,2.0,1.5912112050424876,0.4087887949575124,2022-23
wolfsburg-gegen-bochum-2022-bundesliga-4781536,0.0,1.063218748512106,-1.063218748512106,2022-23
wolfsburg-gegen-bremen-2022-bundesliga-4781437,0.0,1.0020361501729043,-1.0020361501729043,2022-23
wolfsburg-gegen-dortmund-2022-bundesliga-4781554,1.0,0.7014332696223706,0.2985667303776294,2022-23
wolfsburg-gegen-frankfurt-2023-bundesliga-4781635,5.0,1.4578702148027216,3.5421297851972784,2022-23
wolfsburg-gegen-freiburg-2023-bundesliga-4781573,3.0,1.172076812806703,1.827923187193297,2022-23
wolfsburg-gegen-koeln-2022-bundesliga-4781473,2.0,1.0253298907402069,0.9746701092597931,2022-23
wolfsburg-gegen-leverkusen-2023-bundesliga-4781680,0.0,0.5400187761735341,-0.5400187761735341,2022-23
wolfsburg-gegen-mgladbach-2022-bundesliga-4781518,1.0,1.28965946442977,-0.2896594644297701,2022-23
wolfsburg-gegen-schalke-2022-bundesliga-4781455,1.0,0.7722830916258531,0.22771690837414693,2022-23
wolfsburg-gegen-stuttgart-2022-bundesliga-4781500,0.0,0.9443878512205761,-0.9443878512205761,2022-23
wolfsburg-gegen-union-2023-bundesliga-4781644,2.0,1.7149102815115547,0.28508971848844533,2022-23
augsburg-gegen-bayern-2024-bundesliga-4862135,5.0,4.325205208478578,0.6747947915214221,2023-24
augsburg-gegen-frankfurt-2023-bundesliga-4862080,3.0,2.5988679244498702,0.40113207555012975,2023-24
augsburg-gegen-heidenheim-2024-bundesliga-4862189,0.0,2.6096256034550893,-2.6096256034550893,2023-24
augsburg-gegen-hoffenheim-2023-bundesliga-4862062,2.0,2.5196158203883394,-0.5196158203883394,2023-24
augsburg-gegen-mgladbach-2023-bundesliga-4861973,5.0,3.0039421308299574,1.9960578691700426,2023-24
augsburg-gegen-union-2024-bundesliga-4862224,1.0,2.16208795788549,-1.1620879578854901,2023-24
bayern-gegen-bremen-2024-bundesliga-4862119,4.0,2.0771000384145233,1.9228999615854767,2023-24
bayern-gegen-frankfurt-2024-bundesliga-4862236,3.0,3.5247035811441716,-0.5247035811441716,2023-24
bayern-gegen-heidenheim-2023-bundesliga-4862056,2.0,2.9347141745875716,-0.9347141745875716,2023-24
bayern-gegen-hoffenheim-2024-bundesliga-4862110,1.0,2.22340855494062,-1.2234085549406202,2023-24
bayern-gegen-leverkusen-2023-bundesliga-4861993,0.0,2.908151108336818,-2.908151108336818,2023-24
bayern-gegen-stuttgart-2023-bundesliga-4862092,3.0,2.3065686314858773,0.6934313685141227,2023-24
bayern-gegen-wolfsburg-2024-bundesliga-4862254,0.0,2.2022301129965447,-2.2022301129965447,2023-24
bochum-gegen-bayern-2024-bundesliga-4862161,14.0,3.1370069677435066,10.862993032256494,2023-24
bochum-gegen-dortmund-2023-bundesliga-4861981,2.0,1.9697548130823432,0.030245186917656763,2023-24
bochum-gegen-heidenheim-2024-bundesliga-4862223,0.0,2.4430504742275447,-2.4430504742275447,2023-24
bochum-gegen-hoffenheim-2024-bundesliga-4862242,6.0,3.9009119486307036,2.0990880513692964,2023-24
bremen-gegen-bayern-2023-bundesliga-4861795,3.0,2.308444985365233,0.6915550146347669,2023-24
bremen-gegen-bochum-2024-bundesliga-4862269,1.0,2.2648226347259524,-1.2648226347259524,2023-24
bremen-gegen-darmstadt-2024-bundesliga-4862170,0.0,3.1578058644315616,-3.1578058644315616,2023-24
bremen-gegen-leipzig-2023-bundesliga-4862107,4.0,3.311672498452633,0.6883275015473669,2023-24
bremen-gegen-mgladbach-2024-bundesliga-4862251,0.0,2.353149021699785,-2.353149021699785,2023-24
bremen-gegen-stuttgart-2024-bundesliga-4862234,3.0,2.145673514468027,0.8543264855319732,2023-24
bremen-gegen-wolfsburg-2024-bundesliga-4862205,3.0,2.0878090841956465,0.9121909158043535,2023-24
darmstadt-gegen-freiburg-2024-bundesliga-4862226,3.0,2.994374643212634,0.005625356787366087,2023-24
darmstadt-gegen-hoffenheim-2024-bundesliga-4862262,4.0,2.6479534261382605,1.3520465738617395,2023-24
darmstadt-gegen-koeln-2023-bundesliga-4862082,0.0,3.1883809825971623,-3.1883809825971623,2023-24
darmstadt-gegen-leipzig-2023-bundesliga-4862037,3.0,2.287704982073014,0.7122950179269858,2023-24
darmstadt-gegen-union-2023-bundesliga-4861983,4.0,2.6934549724532006,1.3065450275467994,2023-24
dortmund-gegen-bremen-2023-bundesliga-4862029,0.0,2.0347322051889285,-2.0347322051889285,2023-24
dortmund-gegen-leverkusen-2024-bundesliga-4862227,2.0,1.9987431614762596,0.0012568385237403668,2023-24
dortmund-gegen-mainz-2023-bundesliga-4862101,1.0,2.0605551798888735,-1.0605551798888735,2023-24
dortmund-gegen-stuttgart-2024-bundesliga-4862209,5.0,3.5324856966218734,1.4675143033781266,2023-24
dortmund-gegen-wolfsburg-2023-bundesliga-4862003,0.0,1.9627541177635912,-1.9627541177635912,2023-24
frankfurt-gegen-augsburg-2024-bundesliga-4862230,1.0,2.6762957818978723,-1.6762957818978723,2023-24
frankfurt-gegen-bremen-2024-bundesliga-4862212,3.0,3.2773301212867985,-0.27733012128679846,2023-24
frankfurt-gegen-darmstadt-2023-bundesliga-4861970,3.0,2.4095836970403197,0.5904163029596803,2023-24
frankfurt-gegen-dortmund-2023-bundesliga-4862041,8.0,3.2050192299932565,4.7949807700067435,2023-24
frankfurt-gegen-koeln-2023-bundesliga-4861987,3.0,2.0341577011367136,0.9658422988632864,2023-24
frankfurt-gegen-mgladbach-2023-bundesliga-4862104,1.0,2.2029339160373564,-1.2029339160373564,2023-24
frankfurt-gegen-union-2024-bundesliga-4862203,0.0,1.8612830218210523,-1.8612830218210523,2023-24
freiburg-gegen-bayern-2024-bundesliga-4862174,0.0,2.2284156630928016,-2.2284156630928016,2023-24
freiburg-gegen-bochum-2023-bundesliga-4862031,3.0,2.50485391839162,0.49514608160838014,2023-24
freiburg-gegen-darmstadt-2023-bundesliga-4862067,0.0,1.9890647181854728,-1.9890647181854728,2023-24
freiburg-gegen-heidenheim-2024-bundesliga-4862256,2.0,2.386479318588219,-0.38647931858821893,2023-24
freiburg-gegen-koeln-2023-bundesliga-4862094,6.0,2.2777830255285085,3.7222169744714915,2023-24
freiburg-gegen-leipzig-2024-bundesliga-4862211,8.0,2.3110881772911416,5.688911822708858,2023-24
freiburg-gegen-leverkusen-2024-bundesliga-4862193,1.0,2.378523986785097,-1.3785239867850971,2023-24
freiburg-gegen-mainz-2024-bundesliga-4862229,3.0,2.0977827029933853,0.9022172970066147,2023-24
freiburg-gegen-wolfsburg-2024-bundesliga-4862238,2.0,2.341587838437817,-0.34158783843781704,2023-24
heidenheim-gegen-bayern-2024-bundesliga-4862217,1.0,2.32137923325447,-1.3213792332544698,2023-24
heidenheim-gegen-bremen-2023-bundesliga-4862000,3.0,2.32137923325447,0.6786207667455302,2023-24
heidenheim-gegen-frankfurt-2024-bundesliga-4862180,2.0,2.007708205302449,-0.007708205302448867,2023-24
heidenheim-gegen-freiburg-2023-bundesliga-4862109,1.0,2.0796862927277857,-1.0796862927277857,2023-24
heidenheim-gegen-leipzig-2024-bundesliga-4862235,2.0,3.527924930840292,-1.527924930840292,2023-24
heidenheim-gegen-mainz-2024-bundesliga-4862253,0.0,2.007708205302449,-2.007708205302449,2023-24
heidenheim-gegen-mgladbach-2024-bundesliga-4862198,2.0,2.0796862927277857,-0.07968629272778571,2023-24
heidenheim-gegen-wolfsburg-2024-bundesliga-4862126,3.0,2.2724559416525647,0.7275440583474353,2023-24
hoffenheim-gegen-augsburg-2024-bundesliga-4862216,3.0,2.558898920409264,0.44110107959073597,2023-24
hoffenheim-gegen-bayern-2024-bundesliga-4862268,3.0,2.9443866187814316,0.0556133812185684,2023-24
hoffenheim-gegen-frankfurt-2023-bundesliga-4862035,5.0,2.6956849425067175,2.3043150574932825,2023-24
hoffenheim-gegen-heidenheim-2024-bundesliga-4862133,3.0,1.9632608049183116,1.0367391950816884,2023-24
hoffenheim-gegen-leipzig-2024-bundesliga-4862250,2.0,2.318848421124096,-0.31884842112409606,2023-24
hoffenheim-gegen-leverkusen-2023-bundesliga-4862053,0.0,2.0341577011367136,-2.0341577011367136,2023-24
hoffenheim-gegen-mainz-2023-bundesliga-4862071,3.0,2.4052301273833185,0.5947698726166815,2023-24
hoffenheim-gegen-mgladbach-2024-bundesliga-4862233,0.0,2.2219092707893457,-2.2219092707893457,2023-24
koeln-gegen-augsburg-2023-bundesliga-4862052,0.0,2.037124017626949,-2.037124017626949,2023-24
koeln-gegen-bayern-2023-bundesliga-4862070,0.0,2.939572311959097,-2.939572311959097,2023-24
koeln-gegen-darmstadt-2024-bundesliga-4862232,4.0,2.748552098639186,1.2514479013608142,2023-24
koeln-gegen-dortmund-2024-bundesliga-4862124,8.0,2.070146744849382,5.9298532551506185,2023-24
koeln-gegen-frankfurt-2024-bundesliga-4862142,0.0,1.8559251715131726,-1.8559251715131726,2023-24
koeln-gegen-freiburg-2024-bundesliga-4862249,1.0,2.3069360445910694,-1.3069360445910694,2023-24
koeln-gegen-heidenheim-2024-bundesliga-4862115,0.0,2.081179298704943,-2.081179298704943,2023-24
koeln-gegen-hoffenheim-2023-bundesliga-4861998,3.0,2.0359099599060304,0.9640900400939696,2023-24
koeln-gegen-leverkusen-2024-bundesliga-4862177,4.0,2.506182589189338,1.4938174108106619,2023-24
koeln-gegen-mgladbach-2023-bundesliga-4862034,3.0,2.2115104080827885,0.7884895919172115,2023-24
koeln-gegen-union-2024-bundesliga-4862259,5.0,3.7882445321895295,1.2117554678104705,2023-24
leipzig-gegen-bremen-2024-bundesliga-4862255,4.0,3.196841731381378,0.8031582686186218,2023-24
leipzig-gegen-dortmund-2024-bundesliga-4862237,5.0,2.548025969971759,2.451974030028241,2023-24
leipzig-gegen-frankfurt-2024-bundesliga-4862111,2.0,2.1892958651073076,-0.18929586510730756,2023-24
leipzig-gegen-freiburg-2023-bundesliga-4862057,3.0,2.341587838437817,0.658412161562183,2023-24
leipzig-gegen-leverkusen-2024-bundesliga-4862120,3.0,3.014192599126963,-0.014192599126963135,2023-24
leipzig-gegen-mainz-2024-bundesliga-4862201,3.0,2.1262982065097247,0.8737017934902753,2023-24
leipzig-gegen-stuttgart-2023-bundesliga-4861976,6.0,2.1028714999061457,3.8971285000938543,2023-24
leipzig-gegen-wolfsburg-2024-bundesliga-4862219,3.0,2.077721944220349,0.922278055779651,2023-24
leverkusen-gegen-augsburg-2024-bundesliga-4862265,3.0,2.656444661536218,0.34355533846378217,2023-24
leverkusen-gegen-bochum-2023-bundesliga-4862103,0.0,2.3613464728834397,-2.3613464728834397,2023-24
leverkusen-gegen-bremen-2024-bundesliga-4862220,4.0,3.0163844272888043,0.9836155727111957,2023-24
leverkusen-gegen-darmstadt-2023-bundesliga-4861986,4.0,3.4688980945877237,0.5311019054122763,2023-24
leverkusen-gegen-frankfurt-2023-bundesliga-4862095,0.0,2.117580212607263,-2.117580212607263,2023-24
leverkusen-gegen-freiburg-2023-bundesliga-4862040,0.0,1.9697548130823432,-1.9697548130823432,2023-24
leverkusen-gegen-mainz-2024-bundesliga-4862167,1.0,2.022718191939988,-1.0227181919399881,2023-24
leverkusen-gegen-stuttgart-2024-bundesliga-4862239,1.0,3.1308065140057106,-2.1308065140057106,2023-24
leverkusen-gegen-union-2023-bundesliga-4862058,2.0,2.4474974080318255,-0.44749740803182547,2023-24
leverkusen-gegen-wolfsburg-2024-bundesliga-4862184,1.0,2.316993816649284,-1.3169938166492838,2023-24
mainz-gegen-darmstadt-2024-bundesliga-4862214,0.0,2.3671694134850894,-2.3671694134850894,2023-24
mainz-gegen-dortmund-2024-bundesliga-4862257,0.0,2.2279281007458844,-2.2279281007458844,2023-24
mainz-gegen-frankfurt-2023-bundesliga-4861978,4.0,2.2080530535981944,1.7919469464018056,2023-24
mainz-gegen-koeln-2024-bundesliga-4862240,5.0,2.4128452818709305,2.5871547181290695,2023-24
mainz-gegen-leipzig-2023-bundesliga-4862051,4.0,3.2651158192998575,0.7348841807001425,2023-24
mainz-gegen-stuttgart-2023-bundesliga-4861997,1.0,2.2151597023770897,-1.2151597023770897,2023-24
mainz-gegen-wolfsburg-2024-bundesliga-4862113,2.0,2.092091034829726,-0.09209103482972614,2023-24
mgladbach-gegen-bremen-2023-bundesliga-4862097,6.0,3.04569617635436,2.95430382364564,2023-24
mgladbach-gegen-darmstadt-2024-bundesliga-4862150,1.0,3.6042058582192253,-2.6042058582192253,2023-24
mgladbach-gegen-dortmund-2024-bundesliga-4862222,5.0,3.618851511424339,1.3811484885756609,2023-24
mgladbach-gegen-frankfurt-2024-bundesliga-4862258,3.0,2.432875830966283,0.567124169033717,2023-24
mgladbach-gegen-freiburg-2024-bundesliga-4862204,0.0,2.1774411450876827,-2.1774411450876827,2023-24
mgladbach-gegen-leipzig-2023-bundesliga-4862007,0.0,2.164006440721667,-2.164006440721667,2023-24
mgladbach-gegen-mainz-2023-bundesliga-4862025,0.0,2.121966157318159,-2.121966157318159,2023-24
mgladbach-gegen-union-2024-bundesliga-4862241,0.0,1.8073376333089477,-1.8073376333089477,2023-24
stuttgart-gegen-augsburg-2023-bundesliga-4862108,0.0,2.904548071476553,-2.904548071476553,2023-24
stuttgart-gegen-bayern-2024-bundesliga-4862252,6.0,2.991853835182185,3.008146164817815,2023-24
stuttgart-gegen-bremen-2023-bundesliga-4862081,0.0,2.9186378783054225,-2.9186378783054225,2023-24
stuttgart-gegen-darmstadt-2023-bundesliga-4862010,3.0,2.3555175288771926,0.6444824711228074,2023-24
stuttgart-gegen-frankfurt-2024-bundesliga-4862225,6.0,3.483401122840145,2.516598877159855,2023-24
stuttgart-gegen-freiburg-2023-bundesliga-4861992,2.0,2.108778980487959,-0.10877898048795887,2023-24
stuttgart-gegen-hoffenheim-2023-bundesliga-4862046,5.0,3.374543058545548,1.625456941454452,2023-24
stuttgart-gegen-leverkusen-2023-bundesliga-4862090,4.0,2.954626922018091,1.045373077981909,2023-24
stuttgart-gegen-union-2024-bundesliga-4862190,3.0,2.0541687703052185,0.9458312296947815,2023-24
stuttgart-gegen-wolfsburg-2023-bundesliga-4862028,5.0,2.8527807454576113,2.1472192545423887,2023-24
union-gegen-bochum-2024-bundesliga-4862246,2.0,2.0727899367752904,-0.07278993677529044,2023-24
union-gegen-leipzig-2023-bundesliga-4861985,1.0,1.8348046765248718,-0.8348046765248718,2023-24
union-gegen-leverkusen-2024-bundesliga-4862210,2.0,2.6504488146611553,-0.6504488146611553,2023-24
wolfsburg-gegen-frankfurt-2023-bundesliga-4862013,2.0,2.0417329005076805,-0.041732900507680526,2023-24
wolfsburg-gegen-freiburg-2023-bundesliga-4862086,0.0,1.9997166959992585,-1.9997166959992585,2023-24
wolfsburg-gegen-heidenheim-2023-bundesliga-4861971,6.0,3.100255774317028,2.899744225682972,2023-24
wolfsburg-gegen-hoffenheim-2024-bundesliga-4862140,4.0,2.0341577011367136,1.9658422988632864,2023-24
