match_id,actual,predicted,residual,is_test_set
augsburg-gegen-bayern-2018-bundesliga-3827846,0.0,0.5798322314254254,-0.5798322314254254,False
augsburg-gegen-bremen-2018-bundesliga-3827828,0.0,0.9971794312716686,-0.9971794312716686,False
augsburg-gegen-dortmund-2017-bundesliga-3827648,5.0,3.2764646608135326,1.7235353391864674,False
augsburg-gegen-frankfurt-2018-bundesliga-3827773,0.0,1.0528156569161697,-1.0528156569161697,False
augsburg-gegen-freiburg-2017-bundesliga-3827738,3.0,1.4644183812656268,1.5355816187343732,False
augsburg-gegen-hertha-2017-bundesliga-3827719,0.0,1.9219780057475488,-1.9219780057475488,False
augsburg-gegen-hsv-2018-bundesliga-3827747,4.0,2.335127548356806,1.6648724516431939,False
augsburg-gegen-leverkusen-2017-bundesliga-3827684,2.0,1.8407507410784079,0.15924925892159214,False
augsburg-gegen-mainz-2018-bundesliga-3827863,3.0,2.4382987726054575,0.5617012273945425,False
augsburg-gegen-schalke-2018-bundesliga-3827882,4.0,2.804452181821265,1.195547818178735,False
augsburg-gegen-stuttgart-2018-bundesliga-3827792,4.0,2.8458563494911595,1.1541436505088405,False
bayern-gegen-augsburg-2017-bundesliga-3827687,0.0,0.8334976586704821,-0.8334976586704821,False
bayern-gegen-bremen-2018-bundesliga-3827750,0.0,0.48984857678155524,-0.48984857678155524,False
bayern-gegen-dortmund-2018-bundesliga-3827831,0.0,1.4494322854020736,-1.4494322854020736,False
bayern-gegen-frankfurt-2018-bundesliga-3827867,0.0,0.09267372301085897,-0.09267372301085897,False
bayern-gegen-hannover-2017-bundesliga-3827705,0.0,0.7784196583107736,-0.7784196583107736,False
bayern-gegen-hertha-2018-bundesliga-3827795,3.0,3.457988734113403,-0.4579887341134028,False
bayern-gegen-hoffenheim-2018-bundesliga-3827759,0.0,0.524754231065717,-0.524754231065717,False
bayern-gegen-hsv-2018-bundesliga-3827813,0.0,0.9928568439743215,-0.9928568439743215,False
bayern-gegen-koeln-2017-bundesliga-3827723,0.0,2.759495201036727,-2.759495201036727,False
bayern-gegen-leipzig-2017-bundesliga-3827669,0.0,1.9726128986703864,-1.9726128986703864,False
bayern-gegen-leverkusen-2017-bundesliga-3827246,2.0,1.5353461404035347,0.4646538595964653,False
bayern-gegen-mainz-2017-bundesliga-3827615,0.0,1.2312307377259708,-1.2312307377259708,False
bayern-gegen-mgladbach-2018-bundesliga-3827849,0.0,0.951648488908581,-0.951648488908581,False
bayern-gegen-stuttgart-2018-bundesliga-3827885,0.0,1.2714681462932353,-1.2714681462932353,False
bremen-gegen-augsburg-2017-bundesliga-3827672,0.0,1.2710172045922723,-1.2710172045922723,False
bremen-gegen-bayern-2017-bundesliga-3827600,3.0,0.7380749661596797,2.2619250338403205,False
bremen-gegen-frankfurt-2018-bundesliga-3827834,3.0,1.8910420350983133,1.1089579649016867,False
bremen-gegen-hannover-2017-bundesliga-3827690,0.0,0.524754231065717,-0.524754231065717,False
bremen-gegen-leipzig-2018-bundesliga-3827852,1.0,2.2403766851996894,-1.2403766851996894,False
bremen-gegen-mainz-2017-bundesliga-3827735,3.0,2.8628022107596465,0.13719778924035353,False
bremen-gegen-schalke-2017-bundesliga-3827619,4.0,3.5421077242241674,0.4578922757758326,False
dortmund-gegen-hannover-2018-bundesliga-3827822,3.0,3.3969556077825427,-0.3969556077825427,False
dortmund-gegen-koeln-2017-bundesliga-3827616,0.0,1.0322305896269393,-1.0322305896269393,False
dortmund-gegen-leipzig-2017-bundesliga-3827652,5.0,5.621423061595447,-0.621423061595447,False
dortmund-gegen-leverkusen-2018-bundesliga-3827858,0.0,0.34633915025591566,-0.34633915025591566,False
dortmund-gegen-mainz-2018-bundesliga-3827876,1.0,5.036034256807962,-4.036034256807962,False
dortmund-gegen-mgladbach-2017-bundesliga-3827634,0.0,0.23074411166956632,-0.23074411166956632,False
dortmund-gegen-schalke-2017-bundesliga-3827696,7.0,2.4960605200879016,4.503939479912098,False
dortmund-gegen-stuttgart-2018-bundesliga-3827840,0.0,1.6524653282372792,-1.6524653282372792,False
dortmund-gegen-wolfsburg-2018-bundesliga-3827741,2.0,3.799324243181889,-1.7993242431818892,False
frankfurt-gegen-bayern-2017-bundesliga-3827718,5.0,3.7120544218777543,1.2879455781222457,False
frankfurt-gegen-dortmund-2017-bundesliga-3827665,3.0,2.1969140410519823,0.8030859589480177,False
frankfurt-gegen-hertha-2018-bundesliga-3827862,4.0,1.7434806252855037,2.2565193747144963,False
frankfurt-gegen-hoffenheim-2018-bundesliga-3827845,0.0,2.850116029112309,-2.850116029112309,False
frankfurt-gegen-koeln-2018-bundesliga-3827782,0.0,0.9220745889075224,-0.9220745889075224,False
frankfurt-gegen-leverkusen-2017-bundesliga-3827701,1.0,3.7110449509819095,-2.7110449509819095,False
frankfurt-gegen-mainz-2018-bundesliga-3827827,0.0,1.305922858876434,-1.305922858876434,False
freiburg-gegen-augsburg-2018-bundesliga-3827888,0.0,1.2110583916504238,-1.2110583916504238,False
freiburg-gegen-bayern-2018-bundesliga-3827806,0.0,0.8484837545340354,-0.8484837545340354,False
freiburg-gegen-dortmund-2017-bundesliga-3827608,5.0,1.8249927627559446,3.1750072372440554,False
freiburg-gegen-hertha-2017-bundesliga-3827662,4.0,1.7686312981924146,2.231368701807585,False
freiburg-gegen-hsv-2017-bundesliga-3827708,3.0,2.8130490846005456,0.1869509153994544,False
freiburg-gegen-leverkusen-2018-bundesliga-3827770,3.0,2.360238005185348,0.639761994814652,False
freiburg-gegen-mgladbach-2017-bundesliga-3827726,0.0,2.1268683926922876,-2.1268683926922876,False
freiburg-gegen-schalke-2017-bundesliga-3827681,4.0,2.596854958900619,1.403145041099381,False
freiburg-gegen-stuttgart-2018-bundesliga-3827825,3.0,1.900032793820815,1.099967206179185,False
freiburg-gegen-wolfsburg-2018-bundesliga-3827843,6.0,1.7189474714253297,4.28105252857467,False
hannover-gegen-bayern-2018-bundesliga-3827865,0.0,0.7588055375200191,-0.7588055375200191,False
hannover-gegen-dortmund-2017-bundesliga-3827676,2.0,1.597387327877571,0.402612672122429,False
hannover-gegen-hertha-2018-bundesliga-3827883,3.0,1.84660713917277,1.15339286082723,False
hannover-gegen-hoffenheim-2017-bundesliga-3827721,3.0,1.9901165656984094,1.0098834343015906,False
hannover-gegen-hsv-2017-bundesliga-3827622,0.0,0.6249504525748297,-0.6249504525748297,False
hannover-gegen-koeln-2017-bundesliga-3827640,3.0,3.4016233250454295,-0.4016233250454295,False
hannover-gegen-stuttgart-2017-bundesliga-3827704,3.0,2.686608500886143,0.3133914991138571,False
hertha-gegen-frankfurt-2017-bundesliga-3827707,0.0,3.3094279833130615,-3.3094279833130615,False
hertha-gegen-freiburg-2018-bundesliga-3827816,1.0,2.3959728866454615,-1.3959728866454615,False
hertha-gegen-hoffenheim-2018-bundesliga-3827769,0.0,2.8624406647816816,-2.8624406647816816,False
hertha-gegen-hsv-2017-bundesliga-3827671,4.0,1.9208833067210873,2.0791166932789125,False
hertha-gegen-leipzig-2018-bundesliga-3827887,0.0,0.48496776419941545,-0.48496776419941545,False
hertha-gegen-schalke-2017-bundesliga-3827654,2.0,1.4805735776736804,0.5194264223263196,False
hertha-gegen-stuttgart-2017-bundesliga-3827248,3.0,1.2753780123768992,1.7246219876231008,False
hertha-gegen-wolfsburg-2018-bundesliga-3827833,3.0,2.7284453738552696,0.27155462614473036,False
hoffenheim-gegen-augsburg-2017-bundesliga-3827653,2.0,1.01328827522479,0.98671172477521,False
hoffenheim-gegen-bremen-2017-bundesliga-3827247,2.0,2.5099911616609045,-0.5099911616609045,False
hoffenheim-gegen-freiburg-2018-bundesliga-3827798,3.0,2.7526821704435305,0.24731782955646953,False
hoffenheim-gegen-hannover-2018-bundesliga-3827868,3.0,1.6638694710656212,1.3361305289343788,False
hoffenheim-gegen-hertha-2017-bundesliga-3827618,3.0,1.999507021347628,1.000492978652372,False
hoffenheim-gegen-koeln-2018-bundesliga-3827832,0.0,0.8979923767483113,-0.8979923767483113,False
hoffenheim-gegen-leipzig-2017-bundesliga-3827706,0.0,0.34633915025591566,-0.34633915025591566,False
hoffenheim-gegen-mainz-2018-bundesliga-3827780,0.0,1.0654385113620526,-1.0654385113620526,False
hoffenheim-gegen-mgladbach-2017-bundesliga-3827670,2.0,0.524754231065717,1.475245768934283,False
hoffenheim-gegen-wolfsburg-2018-bundesliga-3827815,0.0,0.9971794312716686,-0.9971794312716686,False
hsv-gegen-dortmund-2017-bundesliga-3827630,0.0,0.9770070851961217,-0.9770070851961217,False
hsv-gegen-hertha-2018-bundesliga-3827829,1.0,2.9051284579059855,-1.9051284579059855,False
hsv-gegen-hoffenheim-2017-bundesliga-3827703,0.0,0.9770070851961217,-0.9770070851961217,False
hsv-gegen-leverkusen-2018-bundesliga-3827793,5.0,3.0118806159990794,1.9881193840009206,False
koeln-gegen-augsburg-2018-bundesliga-3827762,3.0,3.4736127732514506,-0.47361277325145057,False
koeln-gegen-freiburg-2017-bundesliga-3827716,5.0,2.167476257521333,2.832523742478667,False
koeln-gegen-hannover-2018-bundesliga-3827786,4.0,3.6953568814944147,0.30464311850558534,False
koeln-gegen-hoffenheim-2017-bundesliga-3827680,0.0,1.424073689114533,-1.424073689114533,False
koeln-gegen-hsv-2017-bundesliga-3827599,10.0,2.1759738545540452,7.824026145445955,False
koeln-gegen-leverkusen-2018-bundesliga-3827824,3.0,1.0320850855558303,1.9679149144441697,False
koeln-gegen-mgladbach-2018-bundesliga-3827743,5.0,3.038915363323885,1.961084636676115,False
koeln-gegen-schalke-2018-bundesliga-3827860,3.0,2.244565655782492,0.755434344217508,False
koeln-gegen-stuttgart-2018-bundesliga-3827805,4.0,3.01665414499739,0.98334585500261,False
koeln-gegen-wolfsburg-2017-bundesliga-3827734,0.0,3.4319662640098376,-3.4319662640098376,False
leipzig-gegen-bremen-2017-bundesliga-3827697,3.0,0.9513957012536423,2.0486042987463575,False
leipzig-gegen-freiburg-2017-bundesliga-3827598,0.0,0.7383277538146182,-0.7383277538146182,False
leipzig-gegen-hoffenheim-2018-bundesliga-3827859,0.0,0.8870234305522517,-0.8870234305522517,False
leipzig-gegen-hsv-2018-bundesliga-3827761,4.0,2.6805017635259536,1.3194982364740464,False
leipzig-gegen-koeln-2018-bundesliga-3827797,0.0,1.921218676789471,-1.921218676789471,False
leipzig-gegen-schalke-2018-bundesliga-3827742,3.0,1.2989315925315628,1.7010684074684372,False
leipzig-gegen-wolfsburg-2018-bundesliga-3827877,0.0,0.50458188499017,-0.50458188499017,False
leverkusen-gegen-bremen-2017-bundesliga-3827728,3.0,2.730516093928792,0.269483906071208,False
leverkusen-gegen-dortmund-2017-bundesliga-3827711,3.0,2.3471177904065543,0.6528822095934457,False
leverkusen-gegen-frankfurt-2018-bundesliga-3827854,2.0,1.2787592464560154,0.7212407535439846,False
leverkusen-gegen-freiburg-2017-bundesliga-3827621,0.0,1.5395614441170526,-1.5395614441170526,False
leverkusen-gegen-hertha-2018-bundesliga-3827783,0.0,1.4647238188954805,-1.4647238188954805,False
leverkusen-gegen-hsv-2017-bundesliga-3827638,0.0,1.2661363920101325,-1.2661363920101325,False
leverkusen-gegen-mainz-2018-bundesliga-3827765,2.0,0.7784196583107736,1.2215803416892264,False
leverkusen-gegen-schalke-2018-bundesliga-3827800,4.0,1.9875989945339396,2.01240100546606,False
mainz-gegen-augsburg-2017-bundesliga-3827712,1.0,1.61311405800326,-0.6131140580032599,False
mainz-gegen-bremen-2018-bundesliga-3827892,0.0,2.2959597055547034,-2.2959597055547034,False
mainz-gegen-hoffenheim-2017-bundesliga-3827631,5.0,3.4315620165492087,1.5684379834507913,False
mainz-gegen-hsv-2017-bundesliga-3827657,2.0,0.7784196583107736,1.2215803416892264,False
mainz-gegen-stuttgart-2018-bundesliga-3827757,1.0,1.6082332454211206,-0.6082332454211206,False
augsburg-gegen-bayern-2019-bundesliga-4243460,3.0,3.1571098702073193,-0.15710987020731926,False
augsburg-gegen-bremen-2018-bundesliga-4243298,5.0,2.679067322258083,2.320932677741917,False
augsburg-gegen-dortmund-2019-bundesliga-4243478,4.0,3.880308890708677,0.1196911092913231,False
augsburg-gegen-duesseldorf-2019-bundesliga-4243424,3.0,2.805376172135424,0.194623827864576,False
augsburg-gegen-freiburg-2018-bundesliga-4243316,0.0,0.952662265887027,-0.952662265887027,False
augsburg-gegen-hannover-2019-bundesliga-4243497,5.0,1.3498371196577235,3.6501628803422763,False
augsburg-gegen-hertha-2019-bundesliga-4243559,4.0,1.7252258866393446,2.2747741133606554,False
augsburg-gegen-hoffenheim-2019-bundesliga-4243514,0.0,1.1512496927723752,-1.1512496927723752,False
augsburg-gegen-leverkusen-2019-bundesliga-4243540,0.0,1.6490717097531473,-1.6490717097531473,False
augsburg-gegen-mainz-2019-bundesliga-4243442,0.0,1.6585805472624886,-1.6585805472624886,False
augsburg-gegen-schalke-2018-bundesliga-4243396,3.0,2.625720269454864,0.37427973054513597,False
augsburg-gegen-stuttgart-2019-bundesliga-4243531,0.0,1.2472306105679702,-1.2472306105679702,False
augsburg-gegen-wolfsburg-2018-bundesliga-4243415,4.0,2.837314494463575,1.162685505536425,False
bayern-gegen-bremen-2019-bundesliga-4243526,3.0,3.5845780896287334,-0.5845780896287334,False
bayern-gegen-dortmund-2019-bundesliga-4243508,0.0,2.432757908728334,-2.432757908728334,False
bayern-gegen-duesseldorf-2018-bundesliga-4243364,3.0,3.4259226336807957,-0.42592263368079575,False
bayern-gegen-frankfurt-2019-bundesliga-4243562,0.0,1.0814383842040522,-1.0814383842040522,False
bayern-gegen-hannover-2019-bundesliga-4243544,3.0,1.847100911353703,1.152899088646297,False
bayern-gegen-hertha-2019-bundesliga-4243463,4.0,4.0575615151194775,-0.05756151511947749,False
bayern-gegen-leipzig-2018-bundesliga-4243400,3.0,3.7428208243629877,-0.7428208243629877,False
bayern-gegen-mainz-2019-bundesliga-4243490,0.0,1.3498371196577235,-1.3498371196577235,False
bayern-gegen-nuernberg-2018-bundesliga-4243382,0.0,1.8005383265862607,-1.8005383265862607,False
bayern-gegen-schalke-2019-bundesliga-4243445,2.0,1.8571679741478369,0.14283202585216315,False
bayern-gegen-stuttgart-2019-bundesliga-4243427,0.0,1.4054733453022246,-1.4054733453022246,False
bayern-gegen-wolfsburg-2019-bundesliga-4243481,0.0,0.8975842655273185,-0.8975842655273185,False
bremen-gegen-augsburg-2019-bundesliga-4243449,0.0,1.932976545867885,-1.932976545867885,False
bremen-gegen-bayern-2018-bundesliga-4243378,1.0,3.8701474505848177,-2.8701474505848177,False
bremen-gegen-dortmund-2019-bundesliga-4243549,4.0,2.6630984698090057,1.3369015301909943,False
bremen-gegen-frankfurt-2019-bundesliga-4243431,3.0,3.24443287988629,-0.2444328798862898,False
bremen-gegen-freiburg-2019-bundesliga-4243522,3.0,2.1964418187645007,0.8035581812354993,False
bremen-gegen-leipzig-2019-bundesliga-4243566,3.0,2.9501762301446215,0.04982376985537851,False
bremen-gegen-leverkusen-2018-bundesliga-4243340,0.0,0.8674521402414672,-0.8674521402414672,False
bremen-gegen-schalke-2019-bundesliga-4243485,4.0,2.73674821146683,1.2632517885331702,False
bremen-gegen-stuttgart-2019-bundesliga-4243467,4.0,3.6933053727376786,0.30669462726232144,False
dortmund-gegen-augsburg-2018-bundesliga-4243321,4.0,4.111502005219178,-0.11150200521917775,False
dortmund-gegen-bremen-2018-bundesliga-4243392,5.0,5.754135747507032,-0.754135747507032,False
dortmund-gegen-duesseldorf-2019-bundesliga-4243554,8.0,4.228058220601674,3.7719417793983263,False
dortmund-gegen-freiburg-2018-bundesliga-4243374,0.0,4.023580814148431,-4.023580814148431,False
dortmund-gegen-hannover-2019-bundesliga-4243428,1.0,0.6989968386419703,0.30100316135802974,False
dortmund-gegen-hoffenheim-2019-bundesliga-4243446,3.0,2.061556477495551,0.938443522504449,False
dortmund-gegen-leverkusen-2019-bundesliga-4243464,5.0,3.085344732071059,1.914655267928941,False
dortmund-gegen-mainz-2019-bundesliga-4243518,4.0,3.769915386903374,0.2300846130966261,False
dortmund-gegen-mgladbach-2018-bundesliga-4243410,3.0,3.769915386903374,-0.7699153869033739,False
dortmund-gegen-nuernberg-2018-bundesliga-4243302,0.0,0.46550375747246053,-0.46550375747246053,False
dortmund-gegen-schalke-2019-bundesliga-4243536,4.0,2.144186827199116,1.8558131728008842,False
dortmund-gegen-stuttgart-2019-bundesliga-4243483,4.0,3.1885094664456046,0.8114905335543954,False
duesseldorf-gegen-bayern-2019-bundesliga-4243524,3.0,1.4902707497341006,1.5097292502658994,False
duesseldorf-gegen-bremen-2019-bundesliga-4243542,4.0,1.6840846476211384,2.3159153523788616,False
duesseldorf-gegen-dortmund-2018-bundesliga-4243408,4.0,2.932674656813542,1.0673253431864582,False
duesseldorf-gegen-frankfurt-2019-bundesliga-4243489,5.0,3.6561964567389786,1.3438035432610214,False
duesseldorf-gegen-freiburg-2018-bundesliga-4243398,3.0,1.6035025469027802,1.3964974530972198,False
duesseldorf-gegen-hannover-2019-bundesliga-4243570,4.0,2.6388363534374406,1.3611636465625594,False
duesseldorf-gegen-hertha-2018-bundesliga-4243362,2.0,1.2745867732224676,0.7254132267775324,False
duesseldorf-gegen-leipzig-2019-bundesliga-4243435,0.0,2.126683160171093,-2.126683160171093,False
duesseldorf-gegen-leverkusen-2018-bundesliga-4243309,3.0,3.0165785888757983,-0.016578588875798328,False
duesseldorf-gegen-mainz-2018-bundesliga-4243380,5.0,3.2494012961312055,1.7505987038687945,False
duesseldorf-gegen-nuernberg-2019-bundesliga-4243471,2.0,3.191285910533451,-1.191285910533451,False
duesseldorf-gegen-stuttgart-2019-bundesliga-4243453,3.0,1.8826720745064862,1.1173279254935138,False
duesseldorf-gegen-wolfsburg-2018-bundesliga-4243344,0.0,2.1790924814832775,-2.1790924814832775,False
frankfurt-gegen-augsburg-2019-bundesliga-4243521,4.0,2.3042345780662483,1.6957654219337517,False
frankfurt-gegen-bayern-2018-bundesliga-4243414,3.0,2.1168306645446187,0.8831693354553813,False
frankfurt-gegen-dortmund-2019-bundesliga-4243440,4.0,3.2546332672855796,0.7453667327144204,False
frankfurt-gegen-duesseldorf-2018-bundesliga-4243331,0.0,1.3509535702273083,-1.3509535702273083,False
frankfurt-gegen-freiburg-2019-bundesliga-4243423,2.0,1.9474044164466455,0.052595583553354475,False
frankfurt-gegen-hannover-2018-bundesliga-4243314,0.0,1.5685968926186182,-1.5685968926186182,False
frankfurt-gegen-hoffenheim-2019-bundesliga-4243475,6.0,3.0206322101192162,2.9793677898807838,False
frankfurt-gegen-leverkusen-2018-bundesliga-4243395,4.0,3.629423460351941,0.3705765396480589,False
frankfurt-gegen-mainz-2019-bundesliga-4243558,4.0,1.4250874660929789,2.574912533907021,False
frankfurt-gegen-mgladbach-2019-bundesliga-4243458,4.0,3.743206744512858,0.25679325548714216,False
frankfurt-gegen-nuernberg-2019-bundesliga-4243494,3.0,3.190619920208336,-0.19061992020833607,False
frankfurt-gegen-schalke-2018-bundesliga-4243358,0.0,1.3651286531511306,-1.3651286531511306,False
frankfurt-gegen-stuttgart-2019-bundesliga-4243502,0.0,1.4250874660929789,-1.4250874660929789,False
frankfurt-gegen-wolfsburg-2018-bundesliga-4243377,5.0,4.030888374229451,0.969111625770549,False
freiburg-gegen-augsburg-2019-bundesliga-4243469,0.0,1.6242331182631198,-1.6242331182631198,False
freiburg-gegen-bayern-2019-bundesliga-4243505,3.0,3.035873494324684,-0.0358734943246839,False
freiburg-gegen-bremen-2018-bundesliga-4243370,2.0,2.535020338808919,-0.535020338808919,False
freiburg-gegen-dortmund-2019-bundesliga-4243532,0.0,1.786363243662439,-1.786363243662439,False
freiburg-gegen-duesseldorf-2019-bundesliga-4243550,3.0,3.4330483480953804,-0.4330483480953804,False
freiburg-gegen-hannover-2018-bundesliga-4243405,4.0,3.035873494324684,0.9641265056753161,False
freiburg-gegen-hertha-2019-bundesliga-4243487,3.0,2.658450474228195,0.34154952577180486,False
freiburg-gegen-hoffenheim-2019-bundesliga-4243432,4.0,0.8975842655273185,3.1024157344726815,False
freiburg-gegen-nuernberg-2019-bundesliga-4243567,0.0,0.8774119194517715,-0.8774119194517715,False
freiburg-gegen-wolfsburg-2019-bundesliga-4243451,4.0,2.4587313312662475,1.5412686687337525,False
hannover-gegen-bayern-2018-bundesliga-4243397,0.0,1.6793111186228282,-1.6793111186228282,False
hannover-gegen-bremen-2019-bundesliga-4243425,3.0,3.9584382162509617,-0.9584382162509617,False
hannover-gegen-duesseldorf-2018-bundesliga-4243416,3.0,3.513523457339299,-0.513523457339299,False
hannover-gegen-frankfurt-2019-bundesliga-4243468,0.0,1.3901818118088174,-1.3901818118088174,False
hannover-gegen-freiburg-2019-bundesliga-4243560,0.0,1.404915120017432,-1.404915120017432,False
hannover-gegen-leipzig-2019-bundesliga-4243443,0.0,1.857726199432629,-1.857726199432629,False
hannover-gegen-leverkusen-2019-bundesliga-4243486,4.0,2.6506279267437947,1.3493720732562053,False
hannover-gegen-mainz-2019-bundesliga-4243541,3.0,3.10582251577646,-0.10582251577646007,False
hannover-gegen-mgladbach-2019-bundesliga-4243523,3.0,2.93536895653837,0.06463104346163018,False
hannover-gegen-nuernberg-2019-bundesliga-4243450,2.0,1.8369956280722894,0.16300437192771056,False
hannover-gegen-schalke-2019-bundesliga-4243504,4.0,3.8095479602245668,0.19045203977543324,False
hannover-gegen-stuttgart-2018-bundesliga-4243324,5.0,2.9811749606851228,2.0188250393148772,False
hertha-gegen-augsburg-2018-bundesliga-4243403,3.0,2.7208948960093413,0.2791051039906587,False
hertha-gegen-bremen-2019-bundesliga-4243459,2.0,4.383008144435071,-2.3830081444350713,False
hertha-gegen-dortmund-2019-bundesliga-4243496,5.0,5.733522081216889,-0.733522081216889,False
hertha-gegen-duesseldorf-2019-bundesliga-4243513,3.0,3.740236668574859,-0.7402366685748589,False
augsburg-gegen-dortmund-2020-bundesliga-4588817,0.0,-0.361668031299087,0.361668031299087,False
augsburg-gegen-duesseldorf-2019-bundesliga-4588800,0.0,2.287116751543183,-2.287116751543183,False
augsburg-gegen-frankfurt-2019-bundesliga-4588690,4.0,1.8455411467471055,2.1544588532528945,False
augsburg-gegen-freiburg-2020-bundesliga-4588852,0.0,2.6819081520112444,-2.6819081520112444,False
augsburg-gegen-hertha-2019-bundesliga-4588764,0.0,1.151335699459425,-1.151335699459425,False
augsburg-gegen-koeln-2020-bundesliga-4588926,4.0,1.3796425304169406,2.6203574695830594,False
augsburg-gegen-leverkusen-2019-bundesliga-4588708,0.0,1.0898477147343077,-1.0898477147343077,False
augsburg-gegen-union-2019-bundesliga-4588664,4.0,1.0755271277393768,2.9244728722606235,False
bayern-gegen-bremen-2019-bundesliga-4588784,0.0,0.8127655841986625,-0.8127655841986625,False
bayern-gegen-dortmund-2019-bundesliga-4588748,2.0,1.36393827570985,0.6360617242901501,False
bayern-gegen-duesseldorf-2020-bundesliga-4588910,0.0,0.7760779704762937,-0.7760779704762937,False
bayern-gegen-frankfurt-2020-bundesliga-4588892,0.0,-0.09804282484372617,0.09804282484372617,False
bayern-gegen-freiburg-2020-bundesliga-4588946,2.0,1.3544438676881447,0.6455561323118553,False
bayern-gegen-koeln-2019-bundesliga-4588694,0.0,1.3772792889992707,-1.3772792889992707,False
bayern-gegen-leverkusen-2019-bundesliga-4588766,6.0,4.291718663935461,1.7082813360645392,False
bayern-gegen-mainz-2019-bundesliga-4588676,1.0,0.7418378250607542,0.25816217493924576,False
bayern-gegen-mgladbach-2020-bundesliga-4588928,3.0,1.3243117424022937,1.6756882575977063,False
bayern-gegen-paderborn-2020-bundesliga-4588856,1.0,3.1306062260525005,-2.1306062260525005,False
bayern-gegen-schalke-2020-bundesliga-4588820,0.0,0.35462275050036207,-0.35462275050036207,False
bayern-gegen-union-2019-bundesliga-4588730,4.0,2.9334110940863467,1.0665889059136533,False
bayern-gegen-wolfsburg-2019-bundesliga-4588802,0.0,1.9504589359991278,-1.9504589359991278,False
bremen-gegen-bayern-2020-bundesliga-4588942,1.0,1.9147422687752353,-0.9147422687752353,False
bremen-gegen-dortmund-2020-bundesliga-4588861,1.0,0.827047950706314,0.17295204929368602,False
bremen-gegen-hoffenheim-2020-bundesliga-4588826,0.0,0.5579837063840207,-0.5579837063840207,False
bremen-gegen-mainz-2019-bundesliga-4588798,3.0,2.1800421510849732,0.8199578489150268,False
bremen-gegen-paderborn-2019-bundesliga-4588780,2.0,2.5627291604680895,-0.5627291604680895,False
bremen-gegen-wolfsburg-2020-bundesliga-4588923,4.0,2.037193210892083,1.9628067891079168,False
dortmund-gegen-augsburg-2019-bundesliga-4588642,0.0,0.324490625214511,-0.324490625214511,False
dortmund-gegen-bayern-2020-bundesliga-4588901,1.0,2.1286212291539908,-1.1286212291539908,False
dortmund-gegen-bremen-2019-bundesliga-4588703,3.0,3.3164272914251036,-0.3164272914251036,False
dortmund-gegen-duesseldorf-2019-bundesliga-4588775,0.0,0.5834878067426705,-0.5834878067426705,False
dortmund-gegen-frankfurt-2020-bundesliga-4588847,0.0,0.7556849949361235,-0.7556849949361235,False
dortmund-gegen-hoffenheim-2020-bundesliga-4588955,2.0,0.8423394841997212,1.1576605158002788,False
dortmund-gegen-koeln-2020-bundesliga-4588821,0.0,0.10095732325530538,-0.10095732325530538,False
dortmund-gegen-leipzig-2019-bundesliga-4588793,1.0,0.060612631104211445,0.9393873688957886,False
dortmund-gegen-leverkusen-2019-bundesliga-4588685,0.0,0.7719699503466053,-0.7719699503466053,False
dortmund-gegen-mainz-2020-bundesliga-4588937,4.0,2.252065593187913,1.747934406812087,False
dortmund-gegen-schalke-2020-bundesliga-4588883,0.0,2.0377514361768747,-2.0377514361768747,False
dortmund-gegen-union-2020-bundesliga-4588829,0.0,0.5532101773857103,-0.5532101773857103,False
dortmund-gegen-wolfsburg-2019-bundesliga-4588739,2.0,0.8276061759911066,1.1723938240088934,False
duesseldorf-gegen-bayern-2019-bundesliga-4588763,0.0,1.100778440443088,-1.100778440443088,False
duesseldorf-gegen-bremen-2020-bundesliga-4588813,4.0,3.7159618378879884,0.2840381621120116,False
duesseldorf-gegen-dortmund-2020-bundesliga-4588931,5.0,1.9396881438490927,3.060311856150907,False
duesseldorf-gegen-frankfurt-2020-bundesliga-4588832,4.0,1.7504271454957419,2.249572854504258,False
duesseldorf-gegen-koeln-2019-bundesliga-4588745,1.0,2.4442854579459556,-1.4442854579459556,False
duesseldorf-gegen-leipzig-2019-bundesliga-4588787,0.0,1.9512153153299447,-1.9512153153299447,False
augsburg-gegen-hertha-2020-bundesliga-4667117,0.0,1.9759369846130137,-1.9759369846130137,False
augsburg-gegen-hoffenheim-2021-bundesliga-4667298,4.0,2.01961084214438,1.9803891578556199,False
augsburg-gegen-koeln-2021-bundesliga-4667335,6.0,2.4076047714541877,3.5923952285458123,False
augsburg-gegen-schalke-2020-bundesliga-4667155,5.0,2.565954789772271,2.434045210227729,False
augsburg-gegen-stuttgart-2021-bundesliga-4667190,0.0,2.1788852192829884,-2.1788852192829884,False
bayern-gegen-augsburg-2021-bundesliga-4667354,0.0,1.640611226567293,-1.640611226567293,False
bayern-gegen-frankfurt-2020-bundesliga-4667093,0.0,1.681926865216863,-1.681926865216863,False
bayern-gegen-freiburg-2021-bundesliga-4667192,4.0,2.0534903350450797,1.9465096649549203,False
bayern-gegen-hertha-2020-bundesliga-4667075,4.0,1.382837779192548,2.617162220807452,False
bayern-gegen-hoffenheim-2021-bundesliga-4667219,0.0,2.0401493217556594,-2.0401493217556594,False
bayern-gegen-koeln-2021-bundesliga-4667255,0.0,0.9754503585566088,-0.9754503585566088,False
bayern-gegen-mainz-2021-bundesliga-4667174,2.0,1.1688515352299629,0.8311484647700371,False
bayern-gegen-mgladbach-2021-bundesliga-4667336,0.0,2.4872159256740702,-2.4872159256740702,False
bayern-gegen-schalke-2020-bundesliga-4667048,0.0,1.1189597850822486,-1.1189597850822486,False
bayern-gegen-stuttgart-2021-bundesliga-4667282,0.0,2.4573510175307933,-2.4573510175307933,False
bayern-gegen-wolfsburg-2020-bundesliga-4667156,4.0,2.35238126702337,1.64761873297663,False
bielefeld-gegen-bremen-2021-bundesliga-4667236,5.0,2.581139039681849,2.418860960318151,False
bielefeld-gegen-frankfurt-2021-bundesliga-4667218,0.0,1.6410239477809765,-1.6410239477809765,False
bielefeld-gegen-hoffenheim-2021-bundesliga-4667353,3.0,2.4630954930275797,0.5369045069724203,False
bielefeld-gegen-koeln-2020-bundesliga-4667074,3.0,2.128740681480335,0.8712593185196651,False
bielefeld-gegen-leipzig-2021-bundesliga-4667290,3.0,2.7648476542874736,0.2351523457125264,False
bielefeld-gegen-mgladbach-2021-bundesliga-4667181,4.0,2.1536865565541925,1.8463134434458075,False
bielefeld-gegen-stuttgart-2021-bundesliga-4667209,0.0,1.8750752542352784,-1.8750752542352784,False
bielefeld-gegen-wolfsburg-2021-bundesliga-4667254,0.0,1.6457974767792867,-1.6457974767792867,False
bremen-gegen-bayern-2021-bundesliga-4667280,0.0,1.6611962938565235,-1.6611962938565235,False
bremen-gegen-hertha-2020-bundesliga-4667056,5.0,1.4478755587625607,3.5521244412374395,False
bremen-gegen-hoffenheim-2020-bundesliga-4667100,3.0,2.5858743481928803,0.4141256518071197,False
bremen-gegen-leipzig-2021-bundesliga-4667306,0.0,1.492328271043343,-1.492328271043343,False
bremen-gegen-stuttgart-2020-bundesliga-4667145,3.0,3.0627451643486894,-0.06274516434868938,False
bremen-gegen-union-2021-bundesliga-4667180,3.0,2.6511649154178314,0.3488350845821686,False
dortmund-gegen-augsburg-2021-bundesliga-4667220,1.0,1.5077270881205798,-0.5077270881205798,False
dortmund-gegen-bayern-2020-bundesliga-4667111,4.0,2.5665130150570645,1.4334869849429355,False
dortmund-gegen-bremen-2021-bundesliga-4667309,0.0,2.7495561207940664,-2.7495561207940664,False
dortmund-gegen-frankfurt-2021-bundesliga-4667291,4.0,1.944581125173748,2.055418874826252,False
dortmund-gegen-leverkusen-2021-bundesliga-4667355,0.0,1.4372502706836345,-1.4372502706836345,False
dortmund-gegen-mainz-2021-bundesliga-4667193,3.0,2.078543493702767,0.9214565062972331,False
dortmund-gegen-mgladbach-2020-bundesliga-4667049,0.0,1.5528453092699839,-1.5528453092699839,False
dortmund-gegen-schalke-2020-bundesliga-4667094,0.0,1.5534035345547765,-1.5534035345547765,False
frankfurt-gegen-augsburg-2021-bundesliga-4667321,0.0,2.4118200751677055,-2.4118200751677055,False
frankfurt-gegen-bielefeld-2020-bundesliga-4667052,5.0,1.8194390285907773,3.1805609714092227,False
frankfurt-gegen-bremen-2020-bundesliga-4667105,1.0,1.8799560668174187,-0.8799560668174187,False
frankfurt-gegen-dortmund-2020-bundesliga-4667141,1.0,3.3654907475256577,-2.3654907475256577,False
frankfurt-gegen-freiburg-2021-bundesliga-4667358,2.0,1.2991798820249272,0.7008201179750728,False
frankfurt-gegen-hertha-2021-bundesliga-4667223,3.0,1.6061182934968146,1.3938817065031854,False
frankfurt-gegen-koeln-2021-bundesliga-4667242,0.0,2.556193164607992,-2.556193164607992,False
frankfurt-gegen-mainz-2021-bundesliga-4667340,4.0,2.169085373631429,1.8309146263685712,False
frankfurt-gegen-schalke-2021-bundesliga-4667196,0.0,2.1489130275558823,-2.1489130275558823,False
frankfurt-gegen-wolfsburg-2021-bundesliga-4667302,1.0,1.4129699044783992,-0.4129699044783992,False
freiburg-gegen-augsburg-2021-bundesliga-4667284,5.0,2.561073977190132,2.438926022809868,False
freiburg-gegen-bayern-2021-bundesliga-4667348,3.0,1.9903648551917743,1.0096351448082257,False
freiburg-gegen-hertha-2020-bundesliga-4667169,3.0,1.2742340069510696,1.7257659930489304,False
freiburg-gegen-koeln-2021-bundesliga-4667186,0.0,1.2089434397261185,-1.2089434397261185,False
freiburg-gegen-leipzig-2021-bundesliga-4667267,0.0,1.9049019418912758,-1.9049019418912758,False
freiburg-gegen-leverkusen-2020-bundesliga-4667104,3.0,1.626290639572362,1.373709360427638,False
freiburg-gegen-mainz-2020-bundesliga-4667123,4.0,1.955206413252674,2.0447935867473257,False
freiburg-gegen-schalke-2021-bundesliga-4667314,0.0,1.4827812130467222,-1.4827812130467222,False
freiburg-gegen-stuttgart-2021-bundesliga-4667213,5.0,2.549417046706851,2.450582953293149,False
hertha-gegen-augsburg-2021-bundesliga-4667269,0.0,2.3068503246602825,-2.3068503246602825,False
hertha-gegen-dortmund-2020-bundesliga-4667125,3.0,0.6868792770273906,2.3131207229726094,False
hertha-gegen-frankfurt-2020-bundesliga-4667070,0.0,3.191521282665714,-3.191521282665714,False
hertha-gegen-freiburg-2021-bundesliga-4667322,1.0,2.4904516556820777,-1.4904516556820777,False
hertha-gegen-hoffenheim-2021-bundesliga-4667205,0.0,2.3922907625421823,-2.3922907625421823,False
hertha-gegen-koeln-2021-bundesliga-4667349,3.0,2.706693857478503,0.2933061425214971,False
hertha-gegen-leipzig-2021-bundesliga-4667250,0.0,1.51250061711889,-1.51250061711889,False
hertha-gegen-leverkusen-2021-bundesliga-4667286,2.0,2.4928148970997475,-0.49281489709974746,False
hertha-gegen-schalke-2021-bundesliga-4667178,1.0,2.1341797193472676,-1.1341797193472676,False
hertha-gegen-stuttgart-2020-bundesliga-4667087,3.0,1.8543446828749393,1.1456553171250607,False
hertha-gegen-union-2020-bundesliga-4667142,4.0,1.7845333743066163,2.2154666256933835,False
hoffenheim-gegen-augsburg-2020-bundesliga-4667139,0.0,1.9212803326740229,-1.9212803326740229,False
hoffenheim-gegen-bielefeld-2021-bundesliga-4667194,4.0,2.7019203284801927,1.2980796715198073,False
hoffenheim-gegen-bremen-2021-bundesliga-4667247,0.0,1.8194390285907773,-1.8194390285907773,False
hoffenheim-gegen-frankfurt-2021-bundesliga-4667230,3.0,1.626290639572362,1.373709360427638,False
hoffenheim-gegen-freiburg-2021-bundesliga-4667176,0.0,1.9148617211015801,-1.9148617211015801,False
hoffenheim-gegen-koeln-2021-bundesliga-4667212,0.0,2.35238126702337,-2.35238126702337,False
hoffenheim-gegen-leipzig-2020-bundesliga-4667157,5.0,3.148659019350151,1.8513409806498489,False
hoffenheim-gegen-leverkusen-2021-bundesliga-4667301,3.0,2.4074592673830786,0.5925407326169214,False
hoffenheim-gegen-schalke-2021-bundesliga-4667338,0.0,1.3524528662517579,-1.3524528662517579,False
hoffenheim-gegen-stuttgart-2020-bundesliga-4667122,1.0,1.9203007589685126,-0.9203007589685126,False
koeln-gegen-augsburg-2021-bundesliga-4667179,3.0,2.4904516556820777,0.5095483443179223,False
koeln-gegen-bremen-2021-bundesliga-4667271,3.0,1.7514327361553321,1.2485672638446679,False
koeln-gegen-frankfurt-2020-bundesliga-4667090,3.0,2.357154796021681,0.642845203978319,False
koeln-gegen-freiburg-2021-bundesliga-4667342,2.0,2.3772198585133983,-0.37721985851339834,False
koeln-gegen-leipzig-2021-bundesliga-4667323,2.0,1.6464629856479085,0.3535370143520915,False
koeln-gegen-leverkusen-2020-bundesliga-4667161,0.0,1.9807105136113239,-1.9807105136113239,False
koeln-gegen-stuttgart-2021-bundesliga-4667252,4.0,1.9148617211015801,2.0851382788984196,False
leipzig-gegen-bayern-2021-bundesliga-4667292,3.0,2.6712299779095487,0.32877002209045125,False
leipzig-gegen-frankfurt-2021-bundesliga-4667274,3.0,2.1543520654228145,0.8456479345771855,False
leipzig-gegen-freiburg-2020-bundesliga-4667112,3.0,1.8846223122318992,1.1153776877681008,False
leipzig-gegen-hertha-2020-bundesliga-4667095,3.0,2.505743189175485,0.4942568108245151,False
leipzig-gegen-leverkusen-2021-bundesliga-4667221,4.0,2.35238126702337,1.64761873297663,False
leipzig-gegen-mgladbach-2021-bundesliga-4667257,4.0,2.1888449984932925,1.8111550015067075,False
leipzig-gegen-stuttgart-2021-bundesliga-4667327,2.0,1.6813686399320704,0.3186313600679296,False
leipzig-gegen-wolfsburg-2021-bundesliga-4667345,5.0,2.128435243850481,2.871564756149519,False
leverkusen-gegen-hoffenheim-2020-bundesliga-4667150,0.0,2.415201309246822,-2.415201309246822,False
leverkusen-gegen-koeln-2021-bundesliga-4667312,0.0,1.8952476003108258,-1.8952476003108258,False
leverkusen-gegen-mgladbach-2020-bundesliga-4667113,4.0,2.511182227042417,1.4888177729575829,False
leverkusen-gegen-stuttgart-2021-bundesliga-4667229,3.0,0.7918490275348138,2.2081509724651864,False
mainz-gegen-augsburg-2021-bundesliga-4667261,4.0,2.7268662035540503,1.2731337964459497,False
mainz-gegen-bielefeld-2021-bundesliga-4667297,3.0,2.75000706249503,0.24999293750496987,False
mainz-gegen-bremen-2020-bundesliga-4667172,5.0,3.0229586974823883,1.9770413025176117,False
mainz-gegen-dortmund-2021-bundesliga-4667351,1.0,1.781564861441183,-0.781564861441183,False
mainz-gegen-frankfurt-2021-bundesliga-4667189,1.0,2.2574647310985165,-1.2574647310985165,False
mainz-gegen-freiburg-2021-bundesliga-4667278,1.0,1.955206413252674,-0.9552064132526741,False
mainz-gegen-hoffenheim-2020-bundesliga-4667135,4.0,2.1489130275558823,1.8510869724441177,False
mainz-gegen-koeln-2020-bundesliga-4667154,4.0,2.9077988555283207,1.0922011444716793,False
mainz-gegen-stuttgart-2020-bundesliga-4667072,0.0,2.028239022341369,-2.028239022341369,False
mgladbach-gegen-bielefeld-2021-bundesliga-4667328,0.0,1.9557646385374663,-1.9557646385374663,False
mgladbach-gegen-frankfurt-2021-bundesliga-4667311,5.0,2.561073977190132,2.438926022809868,False
mgladbach-gegen-freiburg-2021-bundesliga-4667293,5.0,2.6060849147557064,2.3939150852442936,False
mgladbach-gegen-hoffenheim-2020-bundesliga-4667166,1.0,2.536020818532445,-1.536020818532445,False
mgladbach-gegen-leipzig-2020-bundesliga-4667102,4.0,3.1821948541337175,0.8178051458662825,False
mgladbach-gegen-leverkusen-2021-bundesliga-4667265,3.0,1.8266830825905875,1.1733169174094125,False
mgladbach-gegen-schalke-2020-bundesliga-4667131,0.0,2.531354573117964,-2.531354573117964,False
schalke-gegen-augsburg-2021-bundesliga-4667304,3.0,2.472642551024201,0.5273574489757991,False
schalke-gegen-bayern-2021-bundesliga-4667215,0.0,1.6464629856479085,-1.6464629856479085,False
schalke-gegen-dortmund-2021-bundesliga-4667251,0.0,2.566818452686918,-2.566818452686918,False
schalke-gegen-frankfurt-2021-bundesliga-4667350,1.0,1.0939066264245618,-0.09390662642456182,False
schalke-gegen-hertha-2021-bundesliga-4667333,5.0,2.963435081172822,2.036564918827178,False
schalke-gegen-hoffenheim-2021-bundesliga-4667188,0.0,2.2422252663039535,-2.2422252663039535,False
schalke-gegen-koeln-2021-bundesliga-4667206,6.0,3.0431310435579353,2.9568689564420647,False
schalke-gegen-leipzig-2021-bundesliga-4667233,0.0,2.0736626811206267,-2.0736626811206267,False
schalke-gegen-mainz-2021-bundesliga-4667270,5.0,2.8094076501520857,2.1905923498479143,False
schalke-gegen-mgladbach-2021-bundesliga-4667287,0.0,2.129298906765128,-2.129298906765128,False
stuttgart-gegen-bayern-2020-bundesliga-4667137,1.0,2.1642045610492895,-1.1642045610492895,False
stuttgart-gegen-bielefeld-2021-bundesliga-4667362,0.0,1.8799560668174187,-1.8799560668174187,False
stuttgart-gegen-bremen-2021-bundesliga-4667299,4.0,2.169085373631429,1.8309146263685712,False
stuttgart-gegen-dortmund-2021-bundesliga-4667308,4.0,1.3322805201762113,2.6677194798237887,False
stuttgart-gegen-frankfurt-2020-bundesliga-4667119,3.0,2.9438209603820673,0.05617903961793269,False
augsburg-gegen-bayern-2021-bundesliga-4721601,1.0,3.2930990863109395,-2.2930990863109395,False
augsburg-gegen-bielefeld-2021-bundesliga-4721565,4.0,3.9666473982775092,0.03335260172249077,False
augsburg-gegen-dortmund-2022-bundesliga-4721708,3.0,4.015708551993374,-1.0157085519933737,False
augsburg-gegen-frankfurt-2022-bundesliga-4721663,4.0,3.244879489544473,0.755120510455527,False
augsburg-gegen-freiburg-2022-bundesliga-4721698,4.0,3.3808477103103396,0.6191522896896604,False
augsburg-gegen-fuerth-2022-bundesliga-4721799,5.0,3.5119026638551962,1.4880973361448038,False
augsburg-gegen-hertha-2022-bundesliga-4721763,5.0,4.253588815848666,0.7464111841513343,False
augsburg-gegen-hoffenheim-2021-bundesliga-4721501,5.0,2.334629305786877,2.665370694213123,False
augsburg-gegen-koeln-2022-bundesliga-4721781,4.0,3.119882897032612,0.8801171029673882,False
augsburg-gegen-leipzig-2021-bundesliga-4721637,3.0,2.4395990562943,0.5604009437056998,False
augsburg-gegen-leverkusen-2021-bundesliga-4721519,0.0,2.340373781283663,-2.340373781283663,False
augsburg-gegen-mainz-2022-bundesliga-4721727,4.0,3.5253675047234365,0.4746324952765635,False
augsburg-gegen-mgladbach-2021-bundesliga-4721536,1.0,2.5356538734104164,-1.5356538734104164,False
augsburg-gegen-stuttgart-2021-bundesliga-4721583,3.0,2.2498319013550008,0.7501680986449992,False
augsburg-gegen-union-2022-bundesliga-4721680,0.0,2.359987902074418,-2.359987902074418,False
augsburg-gegen-wolfsburg-2022-bundesliga-4721745,0.0,2.136041878901529,-2.136041878901529,False
bayern-gegen-augsburg-2022-bundesliga-4721747,4.0,4.644766126264251,-0.6447661262642512,False
bayern-gegen-bielefeld-2021-bundesliga-4721603,3.0,3.31789277794351,-0.3178927779435101,False
bayern-gegen-bochum-2021-bundesliga-4721531,0.0,1.7613423752031903,-1.7613423752031903,False
bayern-gegen-dortmund-2022-bundesliga-4721765,4.0,2.663690583538298,1.336309416461702,False
bayern-gegen-frankfurt-2021-bundesliga-4721549,5.0,3.631305029814113,1.3686949701858868,False
bayern-gegen-fuerth-2022-bundesliga-4721693,3.0,2.3351875310716697,0.6648124689283303,False
bayern-gegen-hertha-2021-bundesliga-4721513,0.0,1.6540696206989562,-1.6540696206989562,False
bayern-gegen-hoffenheim-2021-bundesliga-4721567,0.0,2.2942846136357833,-2.2942846136357833,False
bayern-gegen-leipzig-2022-bundesliga-4721675,3.0,2.5787198071685458,0.42128019283145424,False
bayern-gegen-leverkusen-2022-bundesliga-4721711,3.0,4.178720319057994,-1.1787203190579936,False
bayern-gegen-mgladbach-2022-bundesliga-4721648,4.0,2.83230581869654,1.1676941813034598,False
bayern-gegen-stuttgart-2022-bundesliga-4721783,5.0,4.853592405437582,0.14640759456241792,False
bayern-gegen-union-2022-bundesliga-4721729,0.0,2.5681223869563867,-2.5681223869563867,False
bayern-gegen-wolfsburg-2021-bundesliga-4721639,0.0,2.002225014443619,-2.002225014443619,False
bielefeld-gegen-augsburg-2022-bundesliga-4721717,5.0,3.945785418263573,1.054214581736427,False
bielefeld-gegen-bayern-2022-bundesliga-4721764,0.0,2.3849337771482753,-2.3849337771482753,False
bielefeld-gegen-frankfurt-2021-bundesliga-4721520,8.0,2.8319779056480874,5.168022094351913,False
bielefeld-gegen-fuerth-2022-bundesliga-4721664,4.0,2.2905047585186056,1.7094952414813944,False
bielefeld-gegen-hertha-2022-bundesliga-4721782,2.0,4.206819386642323,-2.206819386642323,False
bielefeld-gegen-hoffenheim-2021-bundesliga-4721538,0.0,3.139767417183984,-3.139767417183984,False
bielefeld-gegen-leipzig-2022-bundesliga-4721800,4.0,3.1077644194154597,0.8922355805845403,False
bielefeld-gegen-mainz-2021-bundesliga-4721584,1.0,4.025038849914907,-3.025038849914907,False
bielefeld-gegen-mgladbach-2022-bundesliga-4721682,4.0,3.2295879560510663,0.7704120439489337,False
bielefeld-gegen-stuttgart-2022-bundesliga-4721746,3.0,3.312813468492923,-0.3128134684929229,False
bielefeld-gegen-union-2022-bundesliga-4721700,4.0,2.573866862453173,1.426133137546827,False
bochum-gegen-augsburg-2022-bundesliga-4721772,6.0,2.792068410129276,3.207931589870724,False
bochum-gegen-bayern-2022-bundesliga-4721691,3.0,3.2549847728258863,-0.2549847728258863,False
bochum-gegen-bielefeld-2022-bundesliga-4721790,4.0,2.923141001337354,1.076858998662646,False
bochum-gegen-dortmund-2021-bundesliga-4721628,5.0,2.633412954181338,2.366587045818662,False
bochum-gegen-freiburg-2021-bundesliga-4721610,1.0,1.8728293936598515,-0.8728293936598515,False
bochum-gegen-hertha-2021-bundesliga-4721529,3.0,3.185478901887417,-0.185478901887417,False
bochum-gegen-hoffenheim-2021-bundesliga-4721592,5.0,3.757946645092384,1.242053354907616,False
bochum-gegen-koeln-2022-bundesliga-4721673,4.0,3.8603791716078404,0.1396208283921596,False
bochum-gegen-leipzig-2022-bundesliga-4721709,3.0,3.1382490757865584,-0.13824907578655843,False
bochum-gegen-leverkusen-2022-bundesliga-4721754,3.0,3.120599900990131,-0.12059990099013085,False
bochum-gegen-mgladbach-2022-bundesliga-4721736,0.0,2.2312439419477084,-2.2312439419477084,False
bochum-gegen-stuttgart-2021-bundesliga-4721547,4.0,3.4925067403541608,0.5074932596458392,False
bochum-gegen-wolfsburg-2022-bundesliga-4721655,3.0,2.558575328959766,0.4414246710402341,False
dortmund-gegen-bielefeld-2022-bundesliga-4721720,4.0,3.9178983470669206,0.08210165293307936,False
dortmund-gegen-bochum-2022-bundesliga-4721774,4.0,5.027533754404106,-1.0275337544041063,False
dortmund-gegen-frankfurt-2021-bundesliga-4721496,0.0,2.0913745994530872,-2.0913745994530872,False
dortmund-gegen-freiburg-2022-bundesliga-4721657,0.0,2.2046063966217666,-2.2046063966217666,False
dortmund-gegen-fuerth-2021-bundesliga-4721630,0.0,2.15055455764552,-2.15055455764552,False
dortmund-gegen-hertha-2022-bundesliga-4721792,5.0,4.657569625835369,0.34243037416463107,False
dortmund-gegen-koeln-2021-bundesliga-4721576,3.0,3.1341652635402633,-0.13416526354026326,False
dortmund-gegen-leipzig-2022-bundesliga-4721738,3.0,2.7121900387668187,0.28780996123318126,False
dortmund-gegen-leverkusen-2022-bundesliga-4721676,0.0,2.0962554120352275,-2.0962554120352275,False
dortmund-gegen-mgladbach-2022-bundesliga-4721694,1.0,2.1068807001141536,-1.1068807001141536,False
dortmund-gegen-stuttgart-2021-bundesliga-4721594,1.0,3.2945831632347273,-2.2945831632347273,False
dortmund-gegen-wolfsburg-2022-bundesliga-4721756,0.0,2.1216140083227684,-2.1216140083227684,False
frankfurt-gegen-bayern-2022-bundesliga-4721702,4.0,2.623758612600888,1.3762413873991122,False
frankfurt-gegen-bielefeld-2022-bundesliga-4721667,4.0,3.204534797393379,0.7954652026066209,False
frankfurt-gegen-bochum-2022-bundesliga-4721721,4.0,3.161735572470385,0.8382644275296149,False
frankfurt-gegen-dortmund-2022-bundesliga-4721650,4.0,3.2878872569311457,0.7121127430688543,False
frankfurt-gegen-freiburg-2022-bundesliga-4721750,5.0,4.287916108546954,0.7120838914530463,False
frankfurt-gegen-fuerth-2022-bundesliga-4721739,6.0,4.252710966781359,1.7472890332186406,False
frankfurt-gegen-hertha-2021-bundesliga-4721559,4.0,3.301811666536937,0.698188333463063,False
frankfurt-gegen-hoffenheim-2022-bundesliga-4721768,3.0,4.809245005855896,-1.809245005855896,False
frankfurt-gegen-koeln-2021-bundesliga-4721541,3.0,3.9587997667887214,-0.9587997667887214,False
frankfurt-gegen-leverkusen-2021-bundesliga-4721624,0.0,2.383021477431568,-2.383021477431568,False
frankfurt-gegen-mgladbach-2022-bundesliga-4721785,1.0,4.245919388855609,-3.245919388855609,False
frankfurt-gegen-union-2021-bundesliga-4721606,5.0,3.06701994476035,1.9329800552396499,False
frankfurt-gegen-wolfsburg-2022-bundesliga-4721685,6.0,3.222267625469019,2.777732374530981,False
freiburg-gegen-augsburg-2021-bundesliga-4721545,0.0,2.5828556951650015,-2.5828556951650015,False
freiburg-gegen-bayern-2022-bundesliga-4721743,8.0,1.538474582112607,6.461525417887393,False
freiburg-gegen-bielefeld-2022-bundesliga-4721652,6.0,2.2235978891750268,3.7764021108249732,False
freiburg-gegen-bochum-2022-bundesliga-4721760,0.0,2.558575328959766,-2.558575328959766,False
freiburg-gegen-fuerth-2021-bundesliga-4721581,0.0,2.479531027231711,-2.479531027231711,False
freiburg-gegen-hertha-2022-bundesliga-4721706,0.0,2.3202014352081166,-2.3202014352081166,False
freiburg-gegen-koeln-2021-bundesliga-4721527,4.0,2.9788593170408753,1.0211406829591247,False
freiburg-gegen-leipzig-2021-bundesliga-4721563,3.0,3.39642757991149,-0.39642757991149,False
freiburg-gegen-mainz-2022-bundesliga-4721689,3.0,2.3801602481499646,0.6198397518500354,False
freiburg-gegen-mgladbach-2022-bundesliga-4721769,4.0,3.97519261093561,0.024807389064390062,False
freiburg-gegen-stuttgart-2022-bundesliga-4721670,3.0,2.1412281291135224,0.8587718708864776,False
freiburg-gegen-union-2022-bundesliga-4721786,5.0,2.6032808288954867,2.3967191711045133,False
freiburg-gegen-wolfsburg-2022-bundesliga-4721725,4.0,2.7201401166924635,1.2798598833075365,False
fuerth-gegen-bayern-2021-bundesliga-4721548,3.0,3.164442892897223,-0.16444289289722303,False
fuerth-gegen-bielefeld-2021-bundesliga-4721512,4.0,3.061278158522678,0.9387218414773222,False
fuerth-gegen-dortmund-2022-bundesliga-4721791,3.0,2.5780070407731763,0.42199295922682367,False
fuerth-gegen-freiburg-2022-bundesliga-4721737,3.0,3.116126552947782,-0.11612655294778218,False
fuerth-gegen-hertha-2022-bundesliga-4721692,4.0,2.92286588026642,1.07713411973358,False
fuerth-gegen-koeln-2022-bundesliga-4721710,3.0,2.284737555639162,0.715262444360838,False
fuerth-gegen-leipzig-2022-bundesliga-4721728,0.0,3.0060928745791404,-3.0060928745791404,False
fuerth-gegen-leverkusen-2022-bundesliga-4721773,3.0,2.1216140083227684,0.8783859916772316,False
fuerth-gegen-mainz-2022-bundesliga-4721674,4.0,2.7522819432629744,1.2477180567370256,False
fuerth-gegen-mgladbach-2022-bundesliga-4721755,2.0,2.3948935563585794,-0.39489355635857937,False
fuerth-gegen-stuttgart-2022-bundesliga-4721656,2.0,2.4352382485096733,-0.4352382485096733,False
fuerth-gegen-union-2021-bundesliga-4721629,3.0,2.498058290733125,0.501941709266875,False
fuerth-gegen-wolfsburg-2021-bundesliga-4721530,4.0,2.95031114486353,1.0496888551364698,False
hertha-gegen-bayern-2022-bundesliga-4721672,0.0,2.1567724502618684,-2.1567724502618684,False
hertha-gegen-bochum-2022-bundesliga-4721681,3.0,2.9355778366549155,0.06442216334508455,False
hertha-gegen-frankfurt-2022-bundesliga-4721716,0.0,2.1745815549197456,-2.1745815549197456,False
hertha-gegen-fuerth-2021-bundesliga-4721537,4.0,2.88095077799617,1.11904922200383,False
hertha-gegen-hoffenheim-2022-bundesliga-4721734,2.0,2.2645652095636155,-0.2645652095636155,False
hertha-gegen-koeln-2022-bundesliga-4721654,4.0,3.044200673513477,0.955799326486523,False
hertha-gegen-leipzig-2022-bundesliga-4721699,0.0,1.9205034064610051,-1.9205034064610051,False
hertha-gegen-leverkusen-2021-bundesliga-4721590,4.0,3.292547014558794,0.7074529854412059,False
hertha-gegen-mainz-2022-bundesliga-4721788,4.0,5.64777634603045,-1.64777634603045,False
hertha-gegen-stuttgart-2022-bundesliga-4721770,5.0,4.0100072237792475,0.9899927762207525,False
hertha-gegen-union-2022-bundesliga-4721752,0.0,1.7774067011490489,-1.7774067011490489,False
hoffenheim-gegen-bayern-2022-bundesliga-4721726,3.0,3.29811833064982,-0.2981183306498201,False
hoffenheim-gegen-bielefeld-2022-bundesliga-4721690,5.0,2.375279435567825,2.624720564432175,False
hoffenheim-gegen-bochum-2022-bundesliga-4721744,5.0,3.366364081647325,1.6336359183526752,False
hoffenheim-gegen-dortmund-2022-bundesliga-4721671,5.0,2.6958795614349134,2.3041204385650866,False
hoffenheim-gegen-frankfurt-2021-bundesliga-4721617,4.0,2.136041878901529,1.863958121098471,False
hoffenheim-gegen-freiburg-2022-bundesliga-4721779,4.0,2.209589535034968,1.7904104649650319,False
hoffenheim-gegen-fuerth-2022-bundesliga-4721761,5.0,3.857768332948217,1.142231667051783,False
hoffenheim-gegen-hertha-2021-bundesliga-4721582,3.0,3.6161375217428366,-0.6161375217428366,False
hoffenheim-gegen-koeln-2021-bundesliga-4721564,0.0,1.5989916203392478,-1.5989916203392478,False
hoffenheim-gegen-leverkusen-2022-bundesliga-4721787,3.0,3.012653438748375,-0.012653438748375212,False
hoffenheim-gegen-stuttgart-2022-bundesliga-4721707,6.0,2.7508486697853267,3.2491513302146733,False
hoffenheim-gegen-wolfsburg-2021-bundesliga-4721546,4.0,3.143491692072261,0.8565083079277391,False
koeln-gegen-augsburg-2021-bundesliga-4721627,4.0,2.925618057444611,1.074381942555389,False
koeln-gegen-bayern-2022-bundesliga-4721665,0.0,1.9125085769423233,-1.9125085769423233,False
koeln-gegen-bielefeld-2022-bundesliga-4721771,3.0,2.812798981489615,0.18720101851038518,False
koeln-gegen-dortmund-2022-bundesliga-4721735,3.0,4.381551488051087,-1.3815514880510866,False
koeln-gegen-frankfurt-2022-bundesliga-4721701,4.0,3.174894809038274,0.8251051909617262,False
koeln-gegen-freiburg-2022-bundesliga-4721683,5.0,3.4986243325065924,1.5013756674934076,False
koeln-gegen-hoffenheim-2022-bundesliga-4721718,4.0,3.910133432064358,0.08986656793564185,False
koeln-gegen-leverkusen-2021-bundesliga-4721574,3.0,4.2017325170811795,-1.2017325170811795,False
koeln-gegen-mainz-2022-bundesliga-4721753,4.0,3.3037148135287007,0.6962851864712993,False
koeln-gegen-mgladbach-2021-bundesliga-4721609,3.0,2.184128612916366,0.815871387083634,False
koeln-gegen-stuttgart-2021-bundesliga-4721645,3.0,2.477885944657578,0.522114055342422,False
koeln-gegen-union-2021-bundesliga-4721591,4.0,3.7630068853197347,0.2369931146802653,False
koeln-gegen-wolfsburg-2022-bundesliga-4721789,5.0,4.735338521408882,0.2646614785911181,False
leipzig-gegen-augsburg-2022-bundesliga-4721784,0.0,2.0809638785418203,-2.0809638785418203,False
leipzig-gegen-bayern-2021-bundesliga-4721522,2.0,2.236383604481751,-0.2363836044817509,False
leipzig-gegen-bochum-2021-bundesliga-4721550,0.0,2.243980142274385,-2.243980142274385,False
leipzig-gegen-frankfurt-2022-bundesliga-4721730,3.0,3.96687903437116,-0.9668790343711602,False
leipzig-gegen-freiburg-2022-bundesliga-4721712,4.0,3.579285095036653,0.4207149049633472,False
leipzig-gegen-fuerth-2021-bundesliga-4721568,4.0,1.4301235975260673,2.5698764024739327,False
leipzig-gegen-hertha-2021-bundesliga-4721540,0.0,2.7025356971863688,-2.7025356971863688,False
leipzig-gegen-hoffenheim-2022-bundesliga-4721748,0.0,2.990655837014624,-2.990655837014624,False
leipzig-gegen-koeln-2022-bundesliga-4721684,0.0,2.160987753975386,-2.160987753975386,False
leipzig-gegen-mainz-2022-bundesliga-4721649,0.0,1.6738292455608197,-1.6738292455608197,False
leipzig-gegen-stuttgart-2021-bundesliga-4721505,0.0,2.707309226184679,-2.707309226184679,False
leipzig-gegen-union-2022-bundesliga-4721766,6.0,3.730153457456799,2.269846542543201,False
leipzig-gegen-wolfsburg-2022-bundesliga-4721666,3.0,2.706858284483716,0.2931417155162839,False
leverkusen-gegen-augsburg-2022-bundesliga-4721668,0.0,1.5788192742637008,-1.5788192742637008,False
leverkusen-gegen-bayern-2021-bundesliga-4721560,0.0,2.1815728212646164,-2.1815728212646164,False
leverkusen-gegen-bielefeld-2022-bundesliga-4721703,0.0,2.126494820904908,-2.126494820904908,False
leverkusen-gegen-frankfurt-2022-bundesliga-4721775,2.0,2.1911198792612376,-0.19111987926123764,False
leverkusen-gegen-freiburg-2022-bundesliga-4721794,5.0,2.9387174126088906,2.0612825873911094,False
leverkusen-gegen-fuerth-2021-bundesliga-4721613,0.0,2.067094233247852,-2.067094233247852,False
leverkusen-gegen-hertha-2022-bundesliga-4721740,4.0,3.2589171072668566,0.7410828927331434,False
leverkusen-gegen-koeln-2022-bundesliga-4721722,4.0,3.630212665795235,0.36978733420476484,False
leverkusen-gegen-leipzig-2022-bundesliga-4721757,3.0,3.498595914606158,-0.4985959146061578,False
leverkusen-gegen-mgladbach-2021-bundesliga-4721507,0.0,2.5034973286000577,-2.5034973286000577,False
leverkusen-gegen-stuttgart-2022-bundesliga-4721686,4.0,1.7425010468648874,2.2574989531351126,False
leverkusen-gegen-union-2022-bundesliga-4721651,3.0,2.2645652095636155,0.7354347904363845,False
leverkusen-gegen-wolfsburg-2021-bundesliga-4721578,5.0,2.3202014352081166,2.6797985647918834,False
mainz-gegen-augsburg-2021-bundesliga-4721571,2.0,3.541623644129869,-1.541623644129869,False
mainz-gegen-bayern-2022-bundesliga-4721780,3.0,3.0161599373732737,-0.016159937373273703,False
mainz-gegen-bielefeld-2022-bundesliga-4721733,0.0,1.9717267556220353,-1.9717267556220353,False
mainz-gegen-bochum-2022-bundesliga-4721662,4.0,4.080132114521752,-0.08013211452175195,False
mainz-gegen-dortmund-2022-bundesliga-4721715,5.0,4.0217470087068214,0.9782529912931786,False
mainz-gegen-frankfurt-2022-bundesliga-4721798,2.0,4.021255613890705,-2.0212556138907054,False
mainz-gegen-freiburg-2021-bundesliga-4721535,3.0,2.6683186084654995,0.3316813915345005,False
mainz-gegen-hertha-2021-bundesliga-4721636,0.0,2.1110960038276714,-2.1110960038276714,False
mainz-gegen-hoffenheim-2022-bundesliga-4721679,6.0,2.3087972923797744,3.6912027076202256,False
mainz-gegen-leipzig-2021-bundesliga-4721500,6.0,4.184033313720277,1.8159666862797232,False
mainz-gegen-leverkusen-2022-bundesliga-4721697,5.0,2.126640324976017,2.873359675023983,False
mainz-gegen-stuttgart-2022-bundesliga-4721762,2.0,3.797741268409019,-1.7977412684090188,False
mainz-gegen-union-2021-bundesliga-4721554,4.0,3.3123022888761224,0.6876977111238776,False
mainz-gegen-wolfsburg-2021-bundesliga-4721618,0.0,2.772454289338521,-2.772454289338521,False
mgladbach-gegen-augsburg-2022-bundesliga-4721688,4.0,2.254605430353311,1.745394569646689,False
mgladbach-gegen-bayern-2021-bundesliga-4721495,5.0,3.946519445366355,1.0534805546336452,False
mgladbach-gegen-dortmund-2021-bundesliga-4721544,5.0,3.8887219731095968,1.1112780268904032,False
mgladbach-gegen-frankfurt-2021-bundesliga-4721634,4.0,2.2498319013550008,1.7501680986449992,False
mgladbach-gegen-freiburg-2021-bundesliga-4721615,0.0,2.4352382485096733,-2.4352382485096733,False
mgladbach-gegen-fuerth-2021-bundesliga-4721597,0.0,2.766709813841735,-2.766709813841735,False
mgladbach-gegen-hertha-2022-bundesliga-4721724,5.0,2.9508693701483226,2.0491306298516774,False
mgladbach-gegen-hoffenheim-2022-bundesliga-4721796,0.0,2.106322474829361,-2.106322474829361,False
mgladbach-gegen-koeln-2022-bundesliga-4721759,4.0,3.891955408547671,0.10804459145232892,False
mgladbach-gegen-leipzig-2022-bundesliga-4721777,4.0,2.538402982884219,1.461597017115781,False
mgladbach-gegen-leverkusen-2022-bundesliga-4721660,5.0,2.287677231249871,2.712322768750129,False
mgladbach-gegen-mainz-2022-bundesliga-4721742,4.0,3.8804189867055427,0.11958101329445725,False
mgladbach-gegen-union-2022-bundesliga-4721669,3.0,2.562462719624831,0.43753728037516915,False
mgladbach-gegen-wolfsburg-2022-bundesliga-4721705,4.0,3.1189875094873987,0.8810124905126013,False
stuttgart-gegen-augsburg-2022-bundesliga-4721732,3.0,4.363524878887166,-1.3635248788871657,False
stuttgart-gegen-bayern-2021-bundesliga-4721635,0.0,1.8426972683740002,-1.8426972683740002,False
stuttgart-gegen-bielefeld-2021-bundesliga-4721588,5.0,4.516353080893796,0.48364691910620383,False
stuttgart-gegen-bochum-2022-bundesliga-4721696,4.0,3.29784472581738,0.70215527418262,False
stuttgart-gegen-dortmund-2022-bundesliga-4721751,3.0,3.8902056072997797,-0.8902056072997797,False
stuttgart-gegen-frankfurt-2022-bundesliga-4721678,6.0,2.427449981828957,3.572550018171043,False
stuttgart-gegen-freiburg-2021-bundesliga-4721517,4.0,3.248766880209538,0.751233119790462,False
stuttgart-gegen-fuerth-2021-bundesliga-4721499,3.0,2.0914818830369173,0.9085181169630827,False
stuttgart-gegen-hertha-2021-bundesliga-4721616,3.0,2.4453435317910865,0.5546564682089135,False
stuttgart-gegen-hoffenheim-2021-bundesliga-4721553,3.0,1.8477762350021645,1.1522237649978355,False
stuttgart-gegen-koeln-2022-bundesliga-4721797,8.0,4.406785908548881,3.5932140914511193,False
stuttgart-gegen-leipzig-2022-bundesliga-4721661,4.0,3.000761120296037,0.9992388797039631,False
stuttgart-gegen-leverkusen-2021-bundesliga-4721534,6.0,3.2050930226781715,2.7949069773218285,False
stuttgart-gegen-mgladbach-2022-bundesliga-4721714,4.0,3.0534166981574025,0.9465833018425975,False
stuttgart-gegen-wolfsburg-2022-bundesliga-4721778,5.0,4.8063807148996815,0.19361928510031845,False
union-gegen-augsburg-2021-bundesliga-4721525,3.0,2.9516005003976353,0.04839949960236467,False
union-gegen-bayern-2021-bundesliga-4721579,0.0,1.8679485810777114,-1.8679485810777114,False
union-gegen-bochum-2022-bundesliga-4721795,4.0,3.050190283018906,0.9498097169810942,False
union-gegen-dortmund-2022-bundesliga-4721687,4.0,2.349362613995492,1.650637386004508,False
union-gegen-frankfurt-2022-bundesliga-4721758,4.0,2.7315513719026345,1.2684486280973655,False
union-gegen-freiburg-2021-bundesliga-4721633,0.0,2.6136533293194746,-2.6136533293194746,False
union-gegen-hertha-2021-bundesliga-4721596,3.0,2.5733086371683807,0.42669136283161935,False
union-gegen-hoffenheim-2022-bundesliga-4721659,4.0,2.4378346976120895,1.5621653023879105,False
union-gegen-koeln-2022-bundesliga-4721741,4.0,3.5018849118645186,0.49811508813548144,False
union-gegen-leipzig-2021-bundesliga-4721614,3.0,2.913659437877599,0.08634056212240093,False
union-gegen-leverkusen-2021-bundesliga-4721498,0.0,2.9241503332599406,-2.9241503332599406,False
union-gegen-mgladbach-2021-bundesliga-4721516,3.0,2.5934809832439276,0.4065190167560724,False
union-gegen-stuttgart-2022-bundesliga-4721723,4.0,2.7480341257671315,1.2519658742328685,False
union-gegen-wolfsburg-2021-bundesliga-4721561,0.0,2.6972039429032657,-2.6972039429032657,False
wolfsburg-gegen-augsburg-2021-bundesliga-4721587,5.0,3.6825926100957993,1.3174073899042007,False
wolfsburg-gegen-bayern-2022-bundesliga-4721793,3.0,3.364871435075878,-0.36487143507587794,False
wolfsburg-gegen-bielefeld-2022-bundesliga-4721749,0.0,2.534080395586872,-2.534080395586872,False
wolfsburg-gegen-freiburg-2021-bundesliga-4721569,0.0,2.2994708638477768,-2.2994708638477768,False
wolfsburg-gegen-fuerth-2022-bundesliga-4721677,0.0,2.0512444744696525,-2.0512444744696525,False
wolfsburg-gegen-hertha-2022-bundesliga-4721658,3.0,2.8564728390209817,0.1435271609790183,False
wolfsburg-gegen-hoffenheim-2022-bundesliga-4721695,4.0,2.106322474829361,1.8936775251706388,False
wolfsburg-gegen-koeln-2021-bundesliga-4721631,4.0,2.656262596538225,1.343737403461775,False
wolfsburg-gegen-leipzig-2021-bundesliga-4721515,6.0,3.5429311179497773,2.4570688820502227,False
wolfsburg-gegen-leverkusen-2022-bundesliga-4721731,4.0,3.541114526140996,0.458885473859004,False
wolfsburg-gegen-mainz-2022-bundesliga-4721767,0.0,2.8122407562048224,-2.8122407562048224,False
wolfsburg-gegen-union-2022-bundesliga-4721713,4.0,2.9807847139444004,1.0192152860555996,False
augsburg-gegen-bochum-2022-bundesliga-4781563,4.0,3.2932312900439547,0.7067687099560453,False
augsburg-gegen-bremen-2023-bundesliga-4781637,4.0,3.7300241409986685,0.2699758590013315,False
augsburg-gegen-frankfurt-2022-bundesliga-4781546,4.0,3.3432534661382345,0.6567465338617655,False
augsburg-gegen-freiburg-2022-bundesliga-4781439,0.0,1.2533835794593389,-1.2533835794593389,False
augsburg-gegen-hertha-2022-bundesliga-4781475,4.0,3.4153126443788597,0.5846873556211403,False
augsburg-gegen-leverkusen-2023-bundesliga-4781601,5.0,3.4273660466031313,1.5726339533968687,False
augsburg-gegen-mainz-2022-bundesliga-4781457,3.0,3.087139370605115,-0.08713937060511512,False
augsburg-gegen-stuttgart-2023-bundesliga-4781691,1.0,4.106742481488466,-3.1067424814884657,False
augsburg-gegen-wolfsburg-2022-bundesliga-4781510,3.0,3.405742425180592,-0.4057424251805921,False
bayern-gegen-bochum-2023-bundesliga-4781603,2.0,2.112771066570744,-0.11277106657074398,False
bayern-gegen-bremen-2022-bundesliga-4781549,0.0,1.8153797130954772,-1.8153797130954772,False
bayern-gegen-freiburg-2022-bundesliga-4781513,0.0,2.0730918832882725,-2.0730918832882725,False
bayern-gegen-hertha-2023-bundesliga-4781693,3.0,1.9189571686837066,1.0810428313162934,False
bayern-gegen-leverkusen-2022-bundesliga-4781495,0.0,2.273377042722668,-2.273377042722668,False
bayern-gegen-mainz-2022-bundesliga-4781531,0.0,1.9585612265726642,-1.9585612265726642,False
bayern-gegen-mgladbach-2022-bundesliga-4781459,6.0,5.477926144114543,0.5220738558854574,False
bayern-gegen-stuttgart-2022-bundesliga-4781477,5.0,4.735285336386939,0.26471466361306106,False
bayern-gegen-union-2023-bundesliga-4781621,2.0,3.402837941142123,-1.4028379411421228,False
bayern-gegen-wolfsburg-2022-bundesliga-4781441,5.0,2.43106155217213,2.56893844782787,False
bochum-gegen-augsburg-2023-bundesliga-4781718,4.0,3.4383149236379014,0.5616850763620986,False
bochum-gegen-bayern-2022-bundesliga-4781456,0.0,1.6403458663647925,-1.6403458663647925,False
bochum-gegen-bremen-2022-bundesliga-4781474,7.0,4.734472006134421,2.265527993865579,False
bochum-gegen-frankfurt-2022-bundesliga-4781509,4.0,2.1281698836479808,1.8718301163520192,False
bochum-gegen-koeln-2022-bundesliga-4781492,5.0,3.680004784945968,1.319995215054032,False
bochum-gegen-mgladbach-2022-bundesliga-4781555,5.0,3.837294793541475,1.1627052064585248,False
bochum-gegen-stuttgart-2023-bundesliga-4781672,4.0,2.8549455516885773,1.1450544483114227,False
bochum-gegen-union-2022-bundesliga-4781528,4.0,2.6456060214195074,1.3543939785804926,False
bochum-gegen-wolfsburg-2023-bundesliga-4781690,2.0,1.894676802478471,0.10532319752152897,False
bremen-gegen-augsburg-2022-bundesliga-4781485,4.0,3.834701606384642,0.16529839361535803,False
bremen-gegen-bochum-2023-bundesliga-4781629,0.0,2.988008312460349,-2.988008312460349,False
bremen-gegen-frankfurt-2022-bundesliga-4781467,5.0,2.1678490669304527,2.8321509330695473,False
bremen-gegen-freiburg-2023-bundesliga-4781683,6.0,3.287026059743435,2.712973940256565,False
bremen-gegen-hoffenheim-2023-bundesliga-4781665,6.0,4.137815154226796,1.8621848457732044,False
bremen-gegen-koeln-2023-bundesliga-4781728,3.0,4.004193275622876,-1.0041932756228764,False
bremen-gegen-leipzig-2022-bundesliga-4781566,4.0,3.7891706640215546,0.21082933597844544,False
bremen-gegen-mainz-2022-bundesliga-4781521,6.0,2.1678490669304527,3.8321509330695473,False
bremen-gegen-mgladbach-2022-bundesliga-4781503,0.0,2.705687863013866,-2.705687863013866,False
bremen-gegen-schalke-2022-bundesliga-4781548,4.0,4.104446738147062,-0.10444673814706196,False
bremen-gegen-stuttgart-2022-bundesliga-4781449,5.0,5.085749784006298,-0.08574978400629796,False
bremen-gegen-union-2023-bundesliga-4781584,5.0,3.502708820881695,1.4972911791183048,False
bremen-gegen-wolfsburg-2023-bundesliga-4781593,6.0,2.107997537572434,3.892002462427566,False
dortmund-gegen-augsburg-2023-bundesliga-4781567,4.0,4.164254376853611,-0.1642543768536111,False
dortmund-gegen-bayern-2022-bundesliga-4781504,4.0,5.8276665448182605,-1.8276665448182605,False
dortmund-gegen-bochum-2022-bundesliga-4781540,3.0,3.7855849243340582,-0.7855849243340582,False
dortmund-gegen-bremen-2022-bundesliga-4781450,5.0,4.295140948933367,0.7048590510666326,False
dortmund-gegen-freiburg-2023-bundesliga-4781594,0.0,1.997841536853017,-1.997841536853017,False
dortmund-gegen-hoffenheim-2022-bundesliga-4781468,3.0,5.9404118204738054,-2.9404118204738054,False
dortmund-gegen-koeln-2023-bundesliga-4781648,0.0,2.4888874359326483,-2.4888874359326483,False
dortmund-gegen-leipzig-2023-bundesliga-4781630,5.0,5.1751517238212825,-0.17515172382128252,False
dortmund-gegen-schalke-2022-bundesliga-4781486,4.0,4.425776645368121,-0.42577664536812065,False
dortmund-gegen-stuttgart-2022-bundesliga-4781522,1.0,2.0925987204951975,-1.0925987204951975,False
dortmund-gegen-union-2023-bundesliga-4781666,4.0,4.6721434566285165,-0.6721434566285165,False
dortmund-gegen-wolfsburg-2023-bundesliga-4781702,0.0,1.655744683442029,-1.655744683442029,False
frankfurt-gegen-augsburg-2023-bundesliga-4781697,4.0,4.743536404401016,-0.7435364044010164,False
frankfurt-gegen-bayern-2022-bundesliga-4781432,0.0,2.4063684647532115,-2.4063684647532115,False
frankfurt-gegen-bremen-2023-bundesliga-4781616,2.0,2.321318272666397,-0.3213182726663968,False
frankfurt-gegen-dortmund-2022-bundesliga-4781535,4.0,5.059824229820641,-1.0598242298206406,False
frankfurt-gegen-freiburg-2023-bundesliga-4781734,5.0,4.199308029164724,0.8006919708352758,False
frankfurt-gegen-hoffenheim-2022-bundesliga-4781553,4.0,2.266240272306688,1.7337597276933119,False
frankfurt-gegen-koeln-2022-bundesliga-4781454,7.0,3.213239252071572,3.786760747928428,False
frankfurt-gegen-leipzig-2022-bundesliga-4781472,0.0,2.302791009164982,-2.302791009164982,False
frankfurt-gegen-leverkusen-2022-bundesliga-4781517,0.0,0.9997181522142822,-0.9997181522142822,False
frankfurt-gegen-mainz-2023-bundesliga-4781716,1.0,2.1630755379321425,-1.1630755379321425,False
frankfurt-gegen-stuttgart-2023-bundesliga-4781643,3.0,3.5594102268355376,-0.5594102268355376,False
frankfurt-gegen-wolfsburg-2022-bundesliga-4781482,5.0,4.676932594051331,0.32306740594866934,False
freiburg-gegen-bremen-2022-bundesliga-4781524,5.0,3.242790190274991,1.7572098097250088,False
freiburg-gegen-dortmund-2022-bundesliga-4781444,3.0,2.0327471911371786,0.9672528088628214,False
freiburg-gegen-hertha-2023-bundesliga-4781660,4.0,3.2391560736439047,0.7608439263560953,False
freiburg-gegen-hoffenheim-2023-bundesliga-4781641,5.0,4.010461297403773,0.989538702596227,False
freiburg-gegen-koeln-2022-bundesliga-4781542,3.0,1.7309950298772845,1.2690049701227155,False
freiburg-gegen-leipzig-2023-bundesliga-4781704,5.0,4.624170501343896,0.3758294986561044,False
freiburg-gegen-leverkusen-2023-bundesliga-4781623,3.0,2.944186695158508,0.05581330484149216,False
freiburg-gegen-mainz-2022-bundesliga-4781497,4.0,4.149114017595503,-0.1491140175955028,False
freiburg-gegen-mgladbach-2022-bundesliga-4781479,2.0,4.322076862714516,-2.322076862714516,False
freiburg-gegen-union-2022-bundesliga-4781559,0.0,2.1025584997055016,-2.1025584997055016,False
hertha-gegen-augsburg-2023-bundesliga-4781627,1.0,2.3822862525940005,-1.3822862525940005,False
hertha-gegen-bremen-2023-bundesliga-4781692,6.0,1.507607231989188,4.492392768010812,False
hertha-gegen-dortmund-2022-bundesliga-4781465,3.0,3.8494349145932567,-0.8494349145932567,False
hertha-gegen-frankfurt-2022-bundesliga-4781447,4.0,4.017548738823269,-0.017548738823268906,False
hertha-gegen-freiburg-2022-bundesliga-4781512,3.0,3.382107274884752,-0.3821072748847518,False
hertha-gegen-hoffenheim-2022-bundesliga-4781501,4.0,4.033652207438186,-0.033652207438185755,False
hertha-gegen-koeln-2022-bundesliga-4781564,4.0,2.9976626540407993,1.0023373459592007,False
augsburg-gegen-bayern-2024-bundesliga-4862135,7.0,4.175074635505805,2.824925364494195,False
augsburg-gegen-dortmund-2023-bundesliga-4862099,6.0,4.980649935535616,1.0193500644643843,False
augsburg-gegen-frankfurt-2023-bundesliga-4862080,5.0,4.3651121031369655,0.6348878968630345,False
augsburg-gegen-heidenheim-2024-bundesliga-4862189,5.0,4.981041386324797,0.018958613675202685,False
augsburg-gegen-hoffenheim-2023-bundesliga-4862062,9.0,6.119692380552608,2.880307619447392,False
augsburg-gegen-koeln-2024-bundesliga-4862207,5.0,5.7366054711299,-0.7366054711299004,False
augsburg-gegen-mgladbach-2023-bundesliga-4861973,7.0,4.508616186118846,2.4913838138811544,False
augsburg-gegen-union-2024-bundesliga-4862224,5.0,3.883427757527324,1.1165722424726758,False
bayern-gegen-augsburg-2023-bundesliga-4861975,4.0,4.070517606212065,-0.07051760621206515,False
bayern-gegen-bochum-2023-bundesliga-4862002,3.0,3.5501511760623856,-0.5501511760623856,False
bayern-gegen-bremen-2024-bundesliga-4862119,5.0,7.103107811386354,-2.103107811386354,False
bayern-gegen-frankfurt-2024-bundesliga-4862236,5.0,6.275126450897225,-1.2751264508972247,False
bayern-gegen-heidenheim-2023-bundesliga-4862056,5.0,3.071981500359647,1.9280184996403529,False
bayern-gegen-hoffenheim-2024-bundesliga-4862110,3.0,3.608052185216418,-0.608052185216418,False
bayern-gegen-leipzig-2024-bundesliga-4862164,3.0,6.320416461540478,-3.3204164615404776,False
bayern-gegen-leverkusen-2023-bundesliga-4861993,5.0,6.051593148938019,-1.0515931489380188,False
bayern-gegen-mainz-2024-bundesliga-4862182,3.0,3.1909577730251133,-0.1909577730251133,False
bayern-gegen-mgladbach-2024-bundesliga-4862137,4.0,3.7586983821580375,0.24130161784196247,False
bayern-gegen-stuttgart-2023-bundesliga-4862092,3.0,3.8671566503284067,-0.8671566503284067,False
bayern-gegen-wolfsburg-2024-bundesliga-4862254,3.0,4.135555385782078,-1.1355553857820784,False
bochum-gegen-augsburg-2024-bundesliga-4862143,1.0,5.134965710412125,-4.134965710412125,False
bochum-gegen-bayern-2024-bundesliga-4862161,8.0,4.74041630520691,3.25958369479309,False
bochum-gegen-bremen-2024-bundesliga-4862116,6.0,5.391773164468166,0.6082268355318341,False
bochum-gegen-dortmund-2023-bundesliga-4861981,5.0,5.432856165562782,-0.4328561655627823,False
bochum-gegen-freiburg-2024-bundesliga-4862188,5.0,5.392697430597952,-0.39269743059795204,False
bochum-gegen-heidenheim-2024-bundesliga-4862223,5.0,5.527621977929865,-0.527621977929865,False
bochum-gegen-hoffenheim-2024-bundesliga-4862242,5.0,4.25896062524984,0.7410393747501596,False
bochum-gegen-leverkusen-2024-bundesliga-4862260,4.0,3.8508716949179247,0.1491283050820753,False
bremen-gegen-bayern-2023-bundesliga-4861795,6.0,4.081035610707162,1.9189643892928379,False
bremen-gegen-bochum-2024-bundesliga-4862269,6.0,3.2693747863718254,2.7306252136281746,False
bremen-gegen-darmstadt-2024-bundesliga-4862170,8.0,6.195369553980143,1.804630446019857,False
bremen-gegen-frankfurt-2023-bundesliga-4862060,5.0,4.5878965490301375,0.41210345096986245,False
bremen-gegen-freiburg-2024-bundesliga-4862134,5.0,5.7885842172518265,-0.7885842172518265,False
bremen-gegen-hoffenheim-2023-bundesliga-4862026,7.0,6.982151013887219,0.01784898611278063,False
bremen-gegen-leipzig-2023-bundesliga-4862107,5.0,5.817588693584573,-0.8175886935845726,False
bremen-gegen-mainz-2023-bundesliga-4861990,4.0,4.034725813594658,-0.034725813594658206,False
bremen-gegen-mgladbach-2024-bundesliga-4862251,4.0,4.820870783513071,-0.8208707835130706,False
bremen-gegen-stuttgart-2024-bundesliga-4862234,9.0,5.456565035106525,3.543434964893475,False
bremen-gegen-union-2023-bundesliga-4862043,7.0,5.358221239365774,1.6417787606342262,False
bremen-gegen-wolfsburg-2024-bundesliga-4862205,4.0,4.884374150960383,-0.8843741509603831,False
darmstadt-gegen-augsburg-2024-bundesliga-4862181,0.0,3.723647223802767,-3.723647223802767,False
darmstadt-gegen-freiburg-2024-bundesliga-4862226,6.0,5.045146943640946,0.9548530563590543,False
darmstadt-gegen-hoffenheim-2024-bundesliga-4862262,2.0,4.603352561060828,-2.603352561060828,False
darmstadt-gegen-koeln-2023-bundesliga-4862082,5.0,5.7957152757536825,-0.7957152757536825,False
darmstadt-gegen-leipzig-2023-bundesliga-4862037,7.0,6.232289384710878,0.767710615289122,False
darmstadt-gegen-mgladbach-2023-bundesliga-4862001,7.0,4.61393566063542,2.38606433936458,False
darmstadt-gegen-stuttgart-2024-bundesliga-4862163,7.0,5.79526456836618,1.2047354316338197,False
darmstadt-gegen-union-2023-bundesliga-4861983,5.0,3.917353838105975,1.0826461618940248,False
darmstadt-gegen-wolfsburg-2023-bundesliga-4862100,4.0,4.759187612746193,-0.7591876127461932,False
dortmund-gegen-augsburg-2024-bundesliga-4862245,2.0,3.9116093626091892,-1.9116093626091892,False
dortmund-gegen-bochum-2024-bundesliga-4862128,6.0,5.629711861587533,0.37028813841246677,False
dortmund-gegen-bremen-2023-bundesliga-4862029,4.0,6.370227305873056,-2.3702273058730556,False
dortmund-gegen-darmstadt-2024-bundesliga-4862263,0.0,3.84210349167072,-3.84210349167072,False
augsburg-gegen-bayern-2025-bundesliga-4937032,5.0,5.521411136843022,-0.5214111368430219,True
augsburg-gegen-bochum-2024-bundesliga-4936889,7.0,6.337624941182231,0.6623750588177693,True
augsburg-gegen-bremen-2024-bundesliga-4936785,5.0,5.025355435471337,-0.025355435471336563,True
augsburg-gegen-dortmund-2024-bundesliga-4936852,9.0,5.816186727718247,3.1838132722817534,True
augsburg-gegen-frankfurt-2025-bundesliga-4937051,3.0,5.616756908342754,-2.6167569083427544,True
augsburg-gegen-freiburg-2025-bundesliga-4936997,3.0,5.012691621580537,-2.0126916215805366,True
augsburg-gegen-hoffenheim-2024-bundesliga-4936870,3.0,5.311222379842625,-2.311222379842625,True
augsburg-gegen-kiel-2025-bundesliga-4937069,4.0,3.608052185216418,0.391947814783582,True
augsburg-gegen-leipzig-2025-bundesliga-4936979,4.0,5.345557405013889,-1.3455574050138894,True
augsburg-gegen-leverkusen-2024-bundesliga-4936906,3.0,4.115383039706531,-1.115383039706531,True
augsburg-gegen-mainz-2024-bundesliga-4936817,12.0,5.4203512524192625,6.5796487475807375,True
augsburg-gegen-mgladbach-2024-bundesliga-4936835,5.0,5.193115330570675,-0.19311533057067543,True
augsburg-gegen-st-pauli-2024-bundesliga-4936807,5.0,4.621993487358633,0.37800651264136675,True
augsburg-gegen-stuttgart-2025-bundesliga-4936925,5.0,5.608726112439368,-0.6087261124393679,True
augsburg-gegen-union-2025-bundesliga-4937088,4.0,4.8075666090089175,-0.8075666090089175,True
augsburg-gegen-wolfsburg-2025-bundesliga-4937014,6.0,4.673204350944365,1.3267956490556347,True
bayern-gegen-augsburg-2024-bundesliga-4936877,2.0,5.898123943202076,-3.8981239432020756,True
bayern-gegen-bochum-2025-bundesliga-4937002,5.0,7.161154324611496,-2.1611543246114957,True
bayern-gegen-bremen-2025-bundesliga-4936965,5.0,4.955860135383084,0.04413986461691621,True
bayern-gegen-dortmund-2025-bundesliga-4937039,4.0,5.018735899508971,-1.0187358995089708,True
bayern-gegen-frankfurt-2025-bundesliga-4936983,2.0,4.060863264631615,-2.0608632646316147,True
bayern-gegen-heidenheim-2024-bundesliga-4936895,3.0,5.096782969315811,-2.096782969315811,True
bayern-gegen-hoffenheim-2025-bundesliga-4936931,3.0,3.806639612101766,-0.8066396121017658,True
bayern-gegen-kiel-2025-bundesliga-4936958,3.0,3.5328018387811624,-0.5328018387811624,True
bayern-gegen-leipzig-2024-bundesliga-4936913,2.0,4.4225742388333575,-2.4225742388333575,True
bayern-gegen-leverkusen-2024-bundesliga-4936821,5.0,6.923728233826186,-1.9237282338261856,True
bayern-gegen-mainz-2025-bundesliga-4937058,4.0,4.288611870304338,-0.2886118703043383,True
bayern-gegen-mgladbach-2025-bundesliga-4937076,3.0,5.78771515482772,-2.78771515482772,True
bayern-gegen-st-pauli-2025-bundesliga-4937020,4.0,4.310206104579325,-0.31020610457932474,True
bayern-gegen-stuttgart-2024-bundesliga-4936840,3.0,3.6235965063647635,-0.6235965063647635,True
bayern-gegen-union-2024-bundesliga-4936858,2.0,3.951954054760283,-1.9519540547602832,True
bayern-gegen-wolfsburg-2025-bundesliga-4936940,4.0,6.210501392540895,-2.2105013925408947,True
bochum-gegen-augsburg-2025-bundesliga-4937044,9.0,5.433578265344154,3.5664217346558464,True
bochum-gegen-bayern-2024-bundesliga-4936855,4.0,3.3745591040469085,0.6254408959530915,True
bochum-gegen-bremen-2024-bundesliga-4936900,5.0,4.573851938189929,0.42614806181007125,True
bochum-gegen-dortmund-2025-bundesliga-4936981,4.0,4.36960669223638,-0.3696066922363803,True
bochum-gegen-frankfurt-2025-bundesliga-4937017,6.0,5.54723609872062,0.45276390127938004,True
bochum-gegen-heidenheim-2024-bundesliga-4936918,5.0,5.173610741358223,-0.17361074135822285,True
bochum-gegen-hoffenheim-2025-bundesliga-4936999,5.0,5.4831972635547395,-0.48319726355473946,True
bochum-gegen-kiel-2024-bundesliga-4936819,4.0,5.445458904145614,-1.4454589041456138,True
bochum-gegen-leipzig-2025-bundesliga-4936945,4.0,4.096675409682641,-0.09667540968264099,True
bochum-gegen-leverkusen-2024-bundesliga-4936873,5.0,4.650138250105745,0.3498617498942549,True
bochum-gegen-mgladbach-2024-bundesliga-4936801,4.0,3.6579439353641323,0.3420560646358677,True
bochum-gegen-st-pauli-2025-bundesliga-4936936,5.0,5.167616000679628,-0.16761600067962767,True
bochum-gegen-stuttgart-2025-bundesliga-4937035,2.0,4.060863264631615,-2.0608632646316147,True
bochum-gegen-union-2025-bundesliga-4937063,10.0,5.113467334016039,4.886532665983961,True
bremen-gegen-augsburg-2025-bundesliga-4936943,4.0,5.987424257719207,-1.9874242577192067,True
bremen-gegen-bayern-2024-bundesliga-4936816,2.0,3.5529741848567093,-1.5529741848567093,True
bremen-gegen-bochum-2025-bundesliga-4937049,8.0,5.883764730579243,2.1162352694207573,True
bremen-gegen-dortmund-2024-bundesliga-4936799,5.0,6.0978520008162365,-1.0978520008162365,True
bremen-gegen-frankfurt-2025-bundesliga-4937030,5.0,4.696304728570132,0.3036952714298682,True
bremen-gegen-heidenheim-2025-bundesliga-4936933,4.0,5.245635505368595,-1.245635505368595,True
bremen-gegen-hoffenheim-2025-bundesliga-4936978,4.0,4.2588924662321705,-0.25889246623217055,True
bremen-gegen-leipzig-2025-bundesliga-4937078,3.0,5.100413653732245,-2.100413653732245,True
bremen-gegen-leverkusen-2024-bundesliga-4936851,5.0,5.581245194787097,-0.5812451947870967,True
bremen-gegen-mainz-2025-bundesliga-4936961,7.0,5.817713285765644,1.1822867142343556,True
bremen-gegen-mgladbach-2025-bundesliga-4937013,6.0,4.091446331618429,1.908553668381571,True
bremen-gegen-st-pauli-2025-bundesliga-4937061,3.0,5.630885367163339,-2.630885367163339,True
bremen-gegen-stuttgart-2024-bundesliga-4936887,6.0,5.014931211745625,0.9850687882543747,True
bremen-gegen-union-2024-bundesliga-4936916,8.0,3.6429578395005793,4.357042160499421,True
bremen-gegen-wolfsburg-2025-bundesliga-4936996,4.0,4.116499490276116,-0.11649949027611584,True
dortmund-gegen-augsburg-2025-bundesliga-4937003,8.0,8.228625037179315,-0.22862503717931482,True
dortmund-gegen-bayern-2024-bundesliga-4936885,5.0,8.269393395880664,-3.2693933958806642,True
dortmund-gegen-bochum-2024-bundesliga-4936823,3.0,3.643210627155518,-0.643210627155518,True
dortmund-gegen-bremen-2025-bundesliga-4936948,5.0,6.3567887787021355,-1.3567887787021355,True
dortmund-gegen-frankfurt-2024-bundesliga-4936778,4.0,6.747229813568205,-2.7472298135682047,True
dortmund-gegen-freiburg-2024-bundesliga-4936878,2.0,4.2392783454414165,-2.2392783454414165,True
dortmund-gegen-hoffenheim-2024-bundesliga-4936903,4.0,6.350054959797509,-2.350054959797509,True
dortmund-gegen-kiel-2025-bundesliga-4937084,2.0,4.203814465872462,-2.203814465872462,True
dortmund-gegen-leipzig-2024-bundesliga-4936859,6.0,6.767402159643752,-0.7674021596437521,True
dortmund-gegen-leverkusen-2025-bundesliga-4936921,5.0,6.90807098861919,-1.9080709886191896,True
dortmund-gegen-mgladbach-2025-bundesliga-4937047,5.0,5.034943002848563,-0.03494300284856333,True
dortmund-gegen-st-pauli-2024-bundesliga-4936841,5.0,6.230858057667421,-1.2308580576674206,True
dortmund-gegen-stuttgart-2025-bundesliga-4936967,6.0,6.92643831856186,-0.9264383185618597,True
dortmund-gegen-union-2025-bundesliga-4936985,0.0,3.4978961844970007,-3.4978961844970007,True
frankfurt-gegen-augsburg-2024-bundesliga-4936896,6.0,4.580815516771909,1.4191844832280909,True
frankfurt-gegen-bayern-2024-bundesliga-4936832,6.0,6.741117518867497,-0.7411175188674974,True
frankfurt-gegen-bochum-2024-bundesliga-4936860,3.0,3.553532410141502,-0.5535324101415018,True
frankfurt-gegen-bremen-2024-bundesliga-4936879,4.0,6.510644428521342,-2.510644428521342,True
frankfurt-gegen-dortmund-2025-bundesliga-4936941,5.0,6.5260432455985775,-1.5260432455985775,True
frankfurt-gegen-freiburg-2025-bundesliga-4936932,0.0,3.3745591040469085,-3.3745591040469085,True
frankfurt-gegen-heidenheim-2025-bundesliga-4937040,2.0,4.160173347807483,-2.1601733478074827,True
frankfurt-gegen-hoffenheim-2024-bundesliga-4936797,6.0,4.040690918556068,1.9593090814439318,True
frankfurt-gegen-kiel-2025-bundesliga-4936976,5.0,3.826811958177313,1.1731880418226872,True
frankfurt-gegen-leipzig-2025-bundesliga-4937059,4.0,4.279210316378827,-0.2792103163788271,True
frankfurt-gegen-leverkusen-2025-bundesliga-4936994,3.0,5.2555074466921905,-2.2555074466921905,True
frankfurt-gegen-mainz-2024-bundesliga-4936914,5.0,3.8469843042528598,1.1530156957471402,True
frankfurt-gegen-mgladbach-2024-bundesliga-4936814,3.0,3.663130185576126,-0.6631301855761258,True
frankfurt-gegen-st-pauli-2025-bundesliga-4937077,6.0,6.203734136224731,-0.2037341362247309,True
frankfurt-gegen-stuttgart-2025-bundesliga-4937022,5.0,5.977809473672578,-0.9778094736725782,True
frankfurt-gegen-union-2025-bundesliga-4937004,5.0,6.196900896608991,-1.196900896608991,True
frankfurt-gegen-wolfsburg-2025-bundesliga-4936959,6.0,5.392262646739686,0.6077373532603136,True
freiburg-gegen-augsburg-2024-bundesliga-4936843,5.0,4.0755965728402295,0.9244034271597705,True
freiburg-gegen-bayern-2025-bundesliga-4936950,4.0,5.473122374847151,-1.4731223748471507,True
freiburg-gegen-bochum-2024-bundesliga-4936806,4.0,4.995613590724198,-0.9956135907241981,True
freiburg-gegen-bremen-2025-bundesliga-4936987,3.0,3.5475351469897767,-0.5475351469897767,True
freiburg-gegen-dortmund-2025-bundesliga-4937031,3.0,3.1458395518757087,-0.14583955187570874,True
freiburg-gegen-frankfurt-2025-bundesliga-4937087,10.0,4.517584210130476,5.482415789869524,True
freiburg-gegen-heidenheim-2025-bundesliga-4936969,5.0,5.434888442774473,-0.434888442774473,True
freiburg-gegen-hoffenheim-2025-bundesliga-4937050,4.0,5.754804856326491,-1.7548048563264906,True
freiburg-gegen-kiel-2025-bundesliga-4936924,4.0,3.7870254913110113,0.2129745086889887,True
freiburg-gegen-leipzig-2025-bundesliga-4937006,2.0,5.679972754613372,-3.679972754613372,True
freiburg-gegen-leverkusen-2025-bundesliga-4937068,5.0,4.691041133304697,0.3089588666953027,True
freiburg-gegen-mainz-2024-bundesliga-4936862,3.0,5.3404214742494425,-2.3404214742494425,True
freiburg-gegen-mgladbach-2024-bundesliga-4936888,4.0,3.5577477138550195,0.44225228614498047,True
freiburg-gegen-st-pauli-2024-bundesliga-4936825,6.0,4.139916193566704,1.8600838064332956,True
freiburg-gegen-stuttgart-2024-bundesliga-4936783,5.0,3.786467266026219,1.2135327339737811,True
freiburg-gegen-union-2025-bundesliga-4937024,6.0,6.569977445384758,-0.5699774453847581,True
freiburg-gegen-wolfsburg-2024-bundesliga-4936905,5.0,4.607602073199502,0.39239792680049757,True
heidenheim-gegen-augsburg-2024-bundesliga-4936798,4.0,3.9265954584727423,0.07340454152725773,True
heidenheim-gegen-bayern-2025-bundesliga-4937048,2.0,3.8818899585370215,-1.8818899585370215,True
heidenheim-gegen-bochum-2025-bundesliga-4937067,14.0,5.374547028568593,8.625452971431407,True
heidenheim-gegen-bremen-2025-bundesliga-4937086,2.0,4.244717383308349,-2.244717383308349,True
heidenheim-gegen-dortmund-2025-bundesliga-4936960,4.0,4.604674631721531,-0.6046746317215312,True
heidenheim-gegen-freiburg-2024-bundesliga-4936815,3.0,3.5731465309322563,-0.5731465309322563,True
heidenheim-gegen-hoffenheim-2024-bundesliga-4936850,3.0,4.558875784915681,-1.5588757849156814,True
heidenheim-gegen-kiel-2025-bundesliga-4937012,5.0,5.281922601378603,-0.2819226013786027,True
heidenheim-gegen-leipzig-2024-bundesliga-4936833,5.0,4.67906131524214,0.32093868475786014,True
heidenheim-gegen-leverkusen-2025-bundesliga-4937029,5.0,4.87688035177304,0.12311964822696009,True
heidenheim-gegen-mainz-2025-bundesliga-4936977,4.0,4.3566181627397835,-0.35661816273978353,True
heidenheim-gegen-mgladbach-2025-bundesliga-4936995,2.0,4.61778043163959,-2.6177804316395896,True
heidenheim-gegen-stuttgart-2024-bundesliga-4936904,4.0,4.925582506026123,-0.9255825060261227,True
heidenheim-gegen-union-2025-bundesliga-4936923,3.0,4.13611361106687,-1.13611361106687,True
heidenheim-gegen-wolfsburg-2024-bundesliga-4936868,6.0,4.951094072429866,1.048905927570134,True
