match_id,season,half,actual,predicted,residual,abs_error
bremen-gegen-augsburg-2017-bundesliga-3827672,2017-18,45,0.6931472,0.3733477,0.31979948,0.31979948
bremen-gegen-augsburg-2017-bundesliga-3827672,2017-18,90,0.0,1.2270944,-1.2270944,1.2270944
hsv-gegen-stuttgart-2017-bundesliga-3827685,2017-18,45,1.0986123,0.4420393,0.656573,0.656573
hsv-gegen-stuttgart-2017-bundesliga-3827685,2017-18,90,1.3862944,1.1660603,0.22023404,0.22023404
bayern-gegen-dortmund-2018-bundesliga-3827831,2017-18,45,0.0,0.6338318,-0.6338318,0.6338318
bayern-gegen-dortmund-2018-bundesliga-3827831,2017-18,90,0.0,1.2340702,-1.2340702,1.2340702
bayern-gegen-frankfurt-2018-bundesliga-3827867,2017-18,45,0.0,0.36350363,-0.36350363,0.36350363
bayern-gegen-frankfurt-2018-bundesliga-3827867,2017-18,90,0.0,1.1511008,-1.1511008,1.1511008
hoffenheim-gegen-mainz-2018-bundesliga-3827780,2017-18,45,0.0,0.43987647,-0.43987647,0.43987647
hoffenheim-gegen-mainz-2018-bundesliga-3827780,2017-18,90,0.0,1.1369034,-1.1369034,1.1369034
frankfurt-gegen-dortmund-2017-bundesliga-3827665,2017-18,45,1.0986123,0.51983887,0.57877344,0.57877344
frankfurt-gegen-dortmund-2017-bundesliga-3827665,2017-18,90,1.3862944,1.1352413,0.2510531,0.2510531
leverkusen-gegen-koeln-2017-bundesliga-3827674,2017-18,45,0.0,0.4176567,-0.4176567,0.4176567
leverkusen-gegen-koeln-2017-bundesliga-3827674,2017-18,90,1.6094378,1.2716436,0.33779418,0.33779418
koeln-gegen-wolfsburg-2017-bundesliga-3827734,2017-18,45,0.0,0.3655533,-0.3655533,0.3655533
koeln-gegen-wolfsburg-2017-bundesliga-3827734,2017-18,90,0.0,1.2502722,-1.2502722,1.2502722
hoffenheim-gegen-hertha-2017-bundesliga-3827618,2017-18,45,0.0,0.48803687,-0.48803687,0.48803687
hoffenheim-gegen-hertha-2017-bundesliga-3827618,2017-18,90,1.3862944,1.2435033,0.14279103,0.14279103
bremen-gegen-bayern-2017-bundesliga-3827600,2017-18,45,0.0,0.4474196,-0.4474196,0.4474196
bremen-gegen-bayern-2017-bundesliga-3827600,2017-18,90,1.3862944,1.1836407,0.20265365,0.20265365
koeln-gegen-hsv-2017-bundesliga-3827599,2017-18,45,1.3862944,0.528613,0.8576814,0.8576814
koeln-gegen-hsv-2017-bundesliga-3827599,2017-18,90,2.3978953,1.188943,1.2089523,1.2089523
freiburg-gegen-hertha-2017-bundesliga-3827662,2017-18,45,1.0986123,0.40356508,0.69504726,0.69504726
freiburg-gegen-hertha-2017-bundesliga-3827662,2017-18,90,1.6094378,1.2987635,0.3106743,0.3106743
dortmund-gegen-koeln-2017-bundesliga-3827616,2017-18,45,0.6931472,0.4227055,0.27044168,0.27044168
dortmund-gegen-koeln-2017-bundesliga-3827616,2017-18,90,0.0,1.2837813,-1.2837813,1.2837813
leipzig-gegen-dortmund-2018-bundesliga-3827804,2017-18,45,0.0,0.6534087,-0.6534087,0.6534087
leipzig-gegen-dortmund-2018-bundesliga-3827804,2017-18,90,1.3862944,1.3497627,0.036531687,0.036531687
hsv-gegen-hoffenheim-2017-bundesliga-3827703,2017-18,45,1.0986123,0.43669543,0.66191685,0.66191685
hsv-gegen-hoffenheim-2017-bundesliga-3827703,2017-18,90,0.0,1.3228059,-1.3228059,1.3228059
freiburg-gegen-mainz-2017-bundesliga-3827699,2017-18,45,0.0,0.42665976,-0.42665976,0.42665976
freiburg-gegen-mainz-2017-bundesliga-3827699,2017-18,90,1.0986123,1.2013823,-0.10276997,0.10276997
hannover-gegen-stuttgart-2017-bundesliga-3827704,2017-18,45,0.0,0.4461878,-0.4461878,0.4461878
hannover-gegen-stuttgart-2017-bundesliga-3827704,2017-18,90,1.3862944,1.240528,0.14576638,0.14576638
koeln-gegen-bremen-2017-bundesliga-3827661,2017-18,45,0.0,0.374056,-0.374056,0.374056
koeln-gegen-bremen-2017-bundesliga-3827661,2017-18,90,1.6094378,1.2564391,0.35299873,0.35299873
augsburg-gegen-hannover-2017-bundesliga-3827666,2017-18,45,0.0,0.4689513,-0.4689513,0.4689513
augsburg-gegen-hannover-2017-bundesliga-3827666,2017-18,90,1.6094378,1.2169653,0.3924725,0.3924725
frankfurt-gegen-leverkusen-2017-bundesliga-3827701,2017-18,45,0.0,0.32800072,-0.32800072,0.32800072
frankfurt-gegen-leverkusen-2017-bundesliga-3827701,2017-18,90,0.6931472,1.2545282,-0.561381,0.561381
dortmund-gegen-leipzig-2017-bundesliga-3827652,2017-18,45,0.0,0.515205,-0.515205,0.515205
dortmund-gegen-leipzig-2017-bundesliga-3827652,2017-18,90,1.7917594,1.388626,0.4031334,0.4031334
hertha-gegen-dortmund-2018-bundesliga-3827752,2017-18,45,0.0,0.546031,-0.546031,0.546031
hertha-gegen-dortmund-2018-bundesliga-3827752,2017-18,90,1.6094378,1.3293185,0.2801193,0.2801193
koeln-gegen-dortmund-2018-bundesliga-3827768,2017-18,45,0.0,0.52571917,-0.52571917,0.52571917
koeln-gegen-dortmund-2018-bundesliga-3827768,2017-18,90,1.6094378,1.2204467,0.38899112,0.38899112
leverkusen-gegen-augsburg-2018-bundesliga-3827836,2017-18,45,0.0,0.38322687,-0.38322687,0.38322687
leverkusen-gegen-augsburg-2018-bundesliga-3827836,2017-18,90,1.0986123,1.2449083,-0.14629602,0.14629602
freiburg-gegen-dortmund-2017-bundesliga-3827608,2017-18,45,1.7917594,0.5655216,1.2262378,1.2262378
freiburg-gegen-dortmund-2017-bundesliga-3827608,2017-18,90,1.7917594,1.2402043,0.55155504,0.55155504
bayern-gegen-leverkusen-2017-bundesliga-3827246,2017-18,45,0.6931472,0.63591033,0.05723685,0.05723685
bayern-gegen-leverkusen-2017-bundesliga-3827246,2017-18,90,1.0986123,1.2131946,-0.1145823,0.1145823
hoffenheim-gegen-freiburg-2018-bundesliga-3827798,2017-18,45,0.0,0.48625582,-0.48625582,0.48625582
hoffenheim-gegen-freiburg-2018-bundesliga-3827798,2017-18,90,1.3862944,1.324842,0.06145239,0.06145239
hannover-gegen-hertha-2018-bundesliga-4243379,2018-19,45,0.0,0.39774576,-0.39774576,0.39774576
hannover-gegen-hertha-2018-bundesliga-4243379,2018-19,90,1.6094378,1.2402496,0.3691882,0.3691882
duesseldorf-gegen-hertha-2018-bundesliga-4243362,2018-19,45,0.0,0.50942403,-0.50942403,0.50942403
duesseldorf-gegen-hertha-2018-bundesliga-4243362,2018-19,90,1.0986123,1.2713581,-0.17274582,0.17274582
freiburg-gegen-stuttgart-2018-bundesliga-4243288,2018-19,45,1.0986123,0.38516057,0.71345174,0.71345174
freiburg-gegen-stuttgart-2018-bundesliga-4243288,2018-19,90,1.6094378,1.2674206,0.34201717,0.34201717
bremen-gegen-nuernberg-2018-bundesliga-4243287,2018-19,45,0.0,0.54120845,-0.54120845,0.54120845
bremen-gegen-nuernberg-2018-bundesliga-4243287,2018-19,90,1.3862944,1.1606804,0.22561395,0.22561395
dortmund-gegen-stuttgart-2019-bundesliga-4243483,2018-19,45,0.6931472,0.3949566,0.2981906,0.2981906
dortmund-gegen-stuttgart-2019-bundesliga-4243483,2018-19,90,1.6094378,1.2620904,0.34734738,0.34734738
bremen-gegen-frankfurt-2019-bundesliga-4243431,2018-19,45,1.0986123,0.5096505,0.5889618,0.5889618
bremen-gegen-frankfurt-2019-bundesliga-4243431,2018-19,90,1.3862944,1.2912285,0.09506583,0.09506583
duesseldorf-gegen-wolfsburg-2018-bundesliga-4243344,2018-19,45,0.6931472,0.5409083,0.1522389,0.1522389
duesseldorf-gegen-wolfsburg-2018-bundesliga-4243344,2018-19,90,0.0,1.2349216,-1.2349216,1.2349216
hannover-gegen-leverkusen-2019-bundesliga-4243486,2018-19,45,1.7917594,0.47779036,1.313969,1.313969
hannover-gegen-leverkusen-2019-bundesliga-4243486,2018-19,90,1.6094378,1.2376338,0.371804,0.371804
frankfurt-gegen-dortmund-2019-bundesliga-4243440,2018-19,45,1.0986123,0.49087778,0.60773456,0.60773456
frankfurt-gegen-dortmund-2019-bundesliga-4243440,2018-19,90,1.6094378,1.3055757,0.3038621,0.3038621
frankfurt-gegen-mgladbach-2019-bundesliga-4243458,2018-19,45,0.0,0.3826492,-0.3826492,0.3826492
frankfurt-gegen-mgladbach-2019-bundesliga-4243458,2018-19,90,1.6094378,1.2189226,0.3905152,0.3905152
bayern-gegen-duesseldorf-2018-bundesliga-4243364,2018-19,45,0.0,0.47084457,-0.47084457,0.47084457
bayern-gegen-duesseldorf-2018-bundesliga-4243364,2018-19,90,1.3862944,1.2634131,0.12288129,0.12288129
bayern-gegen-mgladbach-2018-bundesliga-4243319,2018-19,45,0.0,0.6034108,-0.6034108,0.6034108
bayern-gegen-mgladbach-2018-bundesliga-4243319,2018-19,90,1.6094378,1.399396,0.21004188,0.21004188
frankfurt-gegen-leipzig-2018-bundesliga-4243296,2018-19,45,0.0,0.4676078,-0.4676078,0.4676078
frankfurt-gegen-leipzig-2018-bundesliga-4243296,2018-19,90,1.0986123,1.2614421,-0.16282976,0.16282976
hertha-gegen-bayern-2018-bundesliga-4243315,2018-19,45,0.0,0.50308937,-0.50308937,0.50308937
hertha-gegen-bayern-2018-bundesliga-4243315,2018-19,90,1.6094378,1.1848439,0.42459393,0.42459393
dortmund-gegen-duesseldorf-2019-bundesliga-4243554,2018-19,45,1.0986123,0.41992137,0.6786909,0.6786909
dortmund-gegen-duesseldorf-2019-bundesliga-4243554,2018-19,90,2.1972244,1.2964954,0.90072894,0.90072894
duesseldorf-gegen-hannover-2019-bundesliga-4243570,2018-19,45,0.6931472,0.39647225,0.29667494,0.29667494
duesseldorf-gegen-hannover-2019-bundesliga-4243570,2018-19,90,1.6094378,1.158126,0.45131183,0.45131183
bremen-gegen-leverkusen-2020-bundesliga-4588886,2019-20,45,0.0,0.49319127,-0.49319127,0.49319127
bremen-gegen-leverkusen-2020-bundesliga-4588886,2019-20,90,1.3862944,1.1498958,0.23639858,0.23639858
bremen-gegen-mgladbach-2020-bundesliga-4588905,2019-20,45,0.0,0.5157412,-0.5157412,0.5157412
bremen-gegen-mgladbach-2020-bundesliga-4588905,2019-20,90,1.3862944,1.2222611,0.1640333,0.1640333
duesseldorf-gegen-frankfurt-2020-bundesliga-4588832,2019-20,45,0.0,0.36821848,-0.36821848,0.36821848
duesseldorf-gegen-frankfurt-2020-bundesliga-4588832,2019-20,90,1.6094378,1.2138003,0.3956375,0.3956375
bremen-gegen-hoffenheim-2020-bundesliga-4588826,2019-20,45,1.0986123,0.44448397,0.6541283,0.6541283
bremen-gegen-hoffenheim-2020-bundesliga-4588826,2019-20,90,0.0,1.2166054,-1.2166054,1.2166054
dortmund-gegen-union-2020-bundesliga-4588829,2019-20,45,0.0,0.48690903,-0.48690903,0.48690903
dortmund-gegen-union-2020-bundesliga-4588829,2019-20,90,0.0,1.2010367,-1.2010367,1.2010367
augsburg-gegen-paderborn-2020-bundesliga-4588908,2019-20,45,0.0,0.47073284,-0.47073284,0.47073284
augsburg-gegen-paderborn-2020-bundesliga-4588908,2019-20,90,1.7917594,1.3946173,0.39714205,0.39714205
augsburg-gegen-koeln-2020-bundesliga-4588926,2019-20,45,0.0,0.6514902,-0.6514902,0.6514902
augsburg-gegen-koeln-2020-bundesliga-4588926,2019-20,90,1.6094378,1.2832084,0.32622945,0.32622945
dortmund-gegen-frankfurt-2020-bundesliga-4588847,2019-20,45,1.0986123,0.6470936,0.4515187,0.4515187
dortmund-gegen-frankfurt-2020-bundesliga-4588847,2019-20,90,0.0,1.0595639,-1.0595639,1.0595639
dortmund-gegen-hertha-2021-bundesliga-4667273,2020-21,45,0.0,0.4748247,-0.4748247,0.4748247
dortmund-gegen-hertha-2021-bundesliga-4667273,2020-21,90,1.7917594,1.3123577,0.4794017,0.4794017
augsburg-gegen-bielefeld-2021-bundesliga-4667317,2020-21,45,0.0,0.3750444,-0.3750444,0.3750444
augsburg-gegen-bielefeld-2021-bundesliga-4667317,2020-21,90,1.6094378,1.3121793,0.2972585,0.2972585
schalke-gegen-mainz-2021-bundesliga-4667270,2020-21,45,0.0,0.43473038,-0.43473038,0.43473038
schalke-gegen-mainz-2021-bundesliga-4667270,2020-21,90,1.7917594,1.2752961,0.5164633,0.5164633
frankfurt-gegen-leipzig-2020-bundesliga-4667124,2020-21,45,0.0,0.51605266,-0.51605266,0.51605266
frankfurt-gegen-leipzig-2020-bundesliga-4667124,2020-21,90,1.0986123,1.31068,-0.21206772,0.21206772
augsburg-gegen-wolfsburg-2021-bundesliga-4667235,2020-21,45,0.0,0.45391098,-0.45391098,0.45391098
augsburg-gegen-wolfsburg-2021-bundesliga-4667235,2020-21,90,1.0986123,1.2570039,-0.1583916,0.1583916
schalke-gegen-bremen-2020-bundesliga-4667071,2020-21,45,1.0986123,0.5925733,0.506039,0.506039
schalke-gegen-bremen-2020-bundesliga-4667071,2020-21,90,1.3862944,1.3907528,-0.0044584274,0.0044584274
mgladbach-gegen-freiburg-2021-bundesliga-4667293,2020-21,45,0.0,0.4579764,-0.4579764,0.4579764
mgladbach-gegen-freiburg-2021-bundesliga-4667293,2020-21,90,1.7917594,1.3532054,0.43855393,0.43855393
bremen-gegen-mainz-2021-bundesliga-4667324,2020-21,45,1.0986123,0.56150573,0.5371066,0.5371066
bremen-gegen-mainz-2021-bundesliga-4667324,2020-21,90,1.9459103,1.2722629,0.6736474,0.6736474
augsburg-gegen-schalke-2020-bundesliga-4667155,2020-21,45,2.7725887,0.4418404,2.3307483,2.3307483
augsburg-gegen-schalke-2020-bundesliga-4667155,2020-21,90,1.7917594,1.2538451,0.5379143,0.5379143
mgladbach-gegen-dortmund-2021-bundesliga-4667210,2020-21,45,1.6094378,0.5838623,1.0255755,1.0255755
mgladbach-gegen-dortmund-2021-bundesliga-4667210,2020-21,90,1.7917594,1.2870445,0.50471485,0.50471485
mainz-gegen-schalke-2020-bundesliga-4667116,2020-21,45,1.6094378,0.67702323,0.9324146,0.9324146
mainz-gegen-schalke-2020-bundesliga-4667116,2020-21,90,1.6094378,1.1989648,0.410473,0.410473
leipzig-gegen-frankfurt-2021-bundesliga-4667274,2020-21,45,0.6931472,0.4136093,0.2795379,0.2795379
leipzig-gegen-frankfurt-2021-bundesliga-4667274,2020-21,90,1.3862944,1.2498349,0.13645947,0.13645947
koeln-gegen-bayern-2020-bundesliga-4667108,2020-21,45,0.0,0.40254977,-0.40254977,0.40254977
koeln-gegen-bayern-2020-bundesliga-4667108,2020-21,90,1.6094378,1.3165642,0.29287362,0.29287362
mgladbach-gegen-hoffenheim-2020-bundesliga-4667166,2020-21,45,0.0,0.48339966,-0.48339966,0.48339966
mgladbach-gegen-hoffenheim-2020-bundesliga-4667166,2020-21,90,0.6931472,1.3930224,-0.69987524,0.69987524
hertha-gegen-leipzig-2021-bundesliga-4667250,2020-21,45,0.0,0.33735737,-0.33735737,0.33735737
hertha-gegen-leipzig-2021-bundesliga-4667250,2020-21,90,0.0,1.3983754,-1.3983754,1.3983754
bielefeld-gegen-bayern-2020-bundesliga-4667092,2020-21,45,0.0,0.52479094,-0.52479094,0.52479094
bielefeld-gegen-bayern-2020-bundesliga-4667092,2020-21,90,1.0986123,1.2631927,-0.16458035,0.16458035
freiburg-gegen-hoffenheim-2021-bundesliga-4667331,2020-21,45,1.0986123,0.4887787,0.6098336,0.6098336
freiburg-gegen-hoffenheim-2021-bundesliga-4667331,2020-21,90,1.6094378,1.1958847,0.41355312,0.41355312
bremen-gegen-union-2021-bundesliga-4667180,2020-21,45,1.0986123,0.47981334,0.618799,0.618799
bremen-gegen-union-2021-bundesliga-4667180,2020-21,90,1.3862944,1.2248538,0.16144061,0.16144061
frankfurt-gegen-wolfsburg-2021-bundesliga-4667302,2020-21,45,0.0,0.43538395,-0.43538395,0.43538395
frankfurt-gegen-wolfsburg-2021-bundesliga-4667302,2020-21,90,0.6931472,1.2548845,-0.5617373,0.5617373
bremen-gegen-wolfsburg-2021-bundesliga-4667289,2020-21,45,0.0,0.4744308,-0.4744308,0.4744308
bremen-gegen-wolfsburg-2021-bundesliga-4667289,2020-21,90,1.9459103,1.2737477,0.67216265,0.67216265
dortmund-gegen-augsburg-2021-bundesliga-4667220,2020-21,45,1.0986123,0.44559005,0.6530223,0.6530223
dortmund-gegen-augsburg-2021-bundesliga-4667220,2020-21,90,0.6931472,1.1498259,-0.45667875,0.45667875
schalke-gegen-bielefeld-2020-bundesliga-4667171,2020-21,45,1.0986123,0.44069332,0.657919,0.657919
schalke-gegen-bielefeld-2020-bundesliga-4667171,2020-21,90,1.9459103,1.2223915,0.72351885,0.72351885
hoffenheim-gegen-augsburg-2020-bundesliga-4667139,2020-21,45,0.0,0.36579177,-0.36579177,0.36579177
hoffenheim-gegen-augsburg-2020-bundesliga-4667139,2020-21,90,0.0,1.3406601,-1.3406601,1.3406601
leverkusen-gegen-union-2021-bundesliga-4667347,2020-21,45,1.0986123,0.36889762,0.7297147,0.7297147
leverkusen-gegen-union-2021-bundesliga-4667347,2020-21,90,1.0986123,1.209548,-0.11093569,0.11093569
stuttgart-gegen-bielefeld-2021-bundesliga-4667362,2020-21,45,0.0,0.3906263,-0.3906263,0.3906263
stuttgart-gegen-bielefeld-2021-bundesliga-4667362,2020-21,90,0.0,1.2015402,-1.2015402,1.2015402
hoffenheim-gegen-koeln-2021-bundesliga-4721564,2021-22,45,1.3862944,0.4186144,0.96768,0.96768
hoffenheim-gegen-koeln-2021-bundesliga-4721564,2021-22,90,0.0,1.3077241,-1.3077241,1.3077241
bielefeld-gegen-stuttgart-2022-bundesliga-4721746,2021-22,45,0.0,0.53934634,-0.53934634,0.53934634
bielefeld-gegen-stuttgart-2022-bundesliga-4721746,2021-22,90,1.3862944,1.2597798,0.12651455,0.12651455
freiburg-gegen-hertha-2022-bundesliga-4721706,2021-22,45,0.0,0.40911064,-0.40911064,0.40911064
freiburg-gegen-hertha-2022-bundesliga-4721706,2021-22,90,0.0,1.2356491,-1.2356491,1.2356491
union-gegen-dortmund-2022-bundesliga-4721687,2021-22,45,0.6931472,0.40707284,0.28607434,0.28607434
union-gegen-dortmund-2022-bundesliga-4721687,2021-22,90,1.6094378,1.2694391,0.33999872,0.33999872
frankfurt-gegen-koeln-2021-bundesliga-4721541,2021-22,45,2.1972244,0.56594026,1.6312841,1.6312841
frankfurt-gegen-koeln-2021-bundesliga-4721541,2021-22,90,1.3862944,1.278632,0.10766232,0.10766232
freiburg-gegen-augsburg-2021-bundesliga-4721545,2021-22,45,0.0,0.4931301,-0.4931301,0.4931301
freiburg-gegen-augsburg-2021-bundesliga-4721545,2021-22,90,0.0,1.2232304,-1.2232304,1.2232304
fuerth-gegen-wolfsburg-2021-bundesliga-4721530,2021-22,45,1.0986123,0.4313558,0.6672565,0.6672565
fuerth-gegen-wolfsburg-2021-bundesliga-4721530,2021-22,90,1.6094378,1.2791196,0.3303182,0.3303182
mainz-gegen-dortmund-2022-bundesliga-4721715,2021-22,45,1.3862944,0.40710437,0.97919,0.97919
mainz-gegen-dortmund-2022-bundesliga-4721715,2021-22,90,1.7917594,1.3601973,0.43156207,0.43156207
frankfurt-gegen-leipzig-2021-bundesliga-4721577,2021-22,45,0.0,0.50503755,-0.50503755,0.50503755
frankfurt-gegen-leipzig-2021-bundesliga-4721577,2021-22,90,1.6094378,1.2847453,0.3246925,0.3246925
bochum-gegen-fuerth-2022-bundesliga-4721719,2021-22,45,1.0986123,0.4618899,0.63672245,0.63672245
bochum-gegen-fuerth-2022-bundesliga-4721719,2021-22,90,1.3862944,1.4035741,-0.017279744,0.017279744
bayern-gegen-wolfsburg-2021-bundesliga-4721639,2021-22,45,0.0,0.43207967,-0.43207967,0.43207967
bayern-gegen-wolfsburg-2021-bundesliga-4721639,2021-22,90,0.0,1.2323178,-1.2323178,1.2323178
mainz-gegen-freiburg-2021-bundesliga-4721535,2021-22,45,0.6931472,0.43150362,0.26164356,0.26164356
mainz-gegen-freiburg-2021-bundesliga-4721535,2021-22,90,1.3862944,1.324265,0.06202936,0.06202936
bochum-gegen-hoffenheim-2021-bundesliga-4721592,2021-22,45,0.6931472,0.45418078,0.2389664,0.2389664
bochum-gegen-hoffenheim-2021-bundesliga-4721592,2021-22,90,1.7917594,1.2810894,0.51066995,0.51066995
koeln-gegen-fuerth-2021-bundesliga-4721557,2021-22,45,0.0,0.56739515,-0.56739515,0.56739515
koeln-gegen-fuerth-2021-bundesliga-4721557,2021-22,90,1.6094378,1.2199527,0.38948512,0.38948512
dortmund-gegen-hertha-2022-bundesliga-4721792,2021-22,45,1.6094378,0.4768164,1.1326214,1.1326214
dortmund-gegen-hertha-2022-bundesliga-4721792,2021-22,90,1.7917594,1.3207341,0.47102523,0.47102523
dortmund-gegen-mainz-2021-bundesliga-4721558,2021-22,45,1.0986123,0.437077,0.6615353,0.6615353
dortmund-gegen-mainz-2021-bundesliga-4721558,2021-22,90,1.6094378,1.1927571,0.4166807,0.4166807
bayern-gegen-hoffenheim-2021-bundesliga-4721567,2021-22,45,1.3862944,0.58747834,0.798816,0.798816
bayern-gegen-hoffenheim-2021-bundesliga-4721567,2021-22,90,0.0,1.2506633,-1.2506633,1.2506633
frankfurt-gegen-bielefeld-2022-bundesliga-4721667,2021-22,45,0.6931472,0.39581063,0.29733655,0.29733655
frankfurt-gegen-bielefeld-2022-bundesliga-4721667,2021-22,90,1.6094378,1.2815976,0.3278402,0.3278402
koeln-gegen-dortmund-2022-bundesliga-4721735,2021-22,45,1.0986123,0.5604596,0.5381527,0.5381527
koeln-gegen-dortmund-2022-bundesliga-4721735,2021-22,90,1.3862944,1.2841457,0.10214865,0.10214865
wolfsburg-gegen-bielefeld-2022-bundesliga-4721749,2021-22,45,1.7917594,0.54911155,1.2426479,1.2426479
wolfsburg-gegen-bielefeld-2022-bundesliga-4721749,2021-22,90,0.0,1.2269983,-1.2269983,1.2269983
frankfurt-gegen-dortmund-2022-bundesliga-4721650,2021-22,45,0.6931472,0.53092194,0.16222525,0.16222525
frankfurt-gegen-dortmund-2022-bundesliga-4721650,2021-22,90,1.6094378,1.351838,0.25759983,0.25759983
hertha-gegen-wolfsburg-2021-bundesliga-4721510,2021-22,45,0.0,0.4384637,-0.4384637,0.4384637
hertha-gegen-wolfsburg-2021-bundesliga-4721510,2021-22,90,1.3862944,1.2720578,0.11423659,0.11423659
bochum-gegen-wolfsburg-2022-bundesliga-4721655,2021-22,45,1.0986123,0.4080756,0.69053674,0.69053674
bochum-gegen-wolfsburg-2022-bundesliga-4721655,2021-22,90,1.3862944,1.2484534,0.13784099,0.13784099
wolfsburg-gegen-union-2022-bundesliga-4721713,2021-22,45,0.0,0.4258136,-0.4258136,0.4258136
wolfsburg-gegen-union-2022-bundesliga-4721713,2021-22,90,1.6094378,1.2424456,0.36699224,0.36699224
bielefeld-gegen-mainz-2021-bundesliga-4721584,2021-22,45,0.0,0.3974454,-0.3974454,0.3974454
bielefeld-gegen-mainz-2021-bundesliga-4721584,2021-22,90,0.6931472,1.2553743,-0.56222713,0.56222713
koeln-gegen-leverkusen-2021-bundesliga-4721574,2021-22,45,0.0,0.36840215,-0.36840215,0.36840215
koeln-gegen-leverkusen-2021-bundesliga-4721574,2021-22,90,1.3862944,1.3574027,0.028891683,0.028891683
mainz-gegen-fuerth-2021-bundesliga-4721518,2021-22,45,1.0986123,0.454526,0.6440863,0.6440863
mainz-gegen-fuerth-2021-bundesliga-4721518,2021-22,90,1.9459103,1.3105248,0.6353855,0.6353855
union-gegen-koeln-2022-bundesliga-4721741,2021-22,45,0.0,0.42118979,-0.42118979,0.42118979
union-gegen-koeln-2022-bundesliga-4721741,2021-22,90,1.6094378,1.2579318,0.351506,0.351506
fuerth-gegen-stuttgart-2022-bundesliga-4721656,2021-22,45,0.0,0.41701502,-0.41701502,0.41701502
fuerth-gegen-stuttgart-2022-bundesliga-4721656,2021-22,90,1.0986123,1.3296281,-0.2310158,0.2310158
wolfsburg-gegen-dortmund-2021-bundesliga-4721605,2021-22,45,0.0,0.5377362,-0.5377362,0.5377362
wolfsburg-gegen-dortmund-2021-bundesliga-4721605,2021-22,90,1.0986123,1.2623652,-0.16375291,0.16375291
mgladbach-gegen-koeln-2022-bundesliga-4721759,2021-22,45,1.0986123,0.48265088,0.61596143,0.61596143
mgladbach-gegen-koeln-2022-bundesliga-4721759,2021-22,90,1.6094378,1.2373025,0.37213528,0.37213528
leverkusen-gegen-hoffenheim-2021-bundesliga-4721632,2021-22,45,0.0,0.45974457,-0.45974457,0.45974457
leverkusen-gegen-hoffenheim-2021-bundesliga-4721632,2021-22,90,1.6094378,1.3529563,0.25648153,0.25648153
augsburg-gegen-mgladbach-2021-bundesliga-4721536,2021-22,45,0.0,0.40183195,-0.40183195,0.40183195
augsburg-gegen-mgladbach-2021-bundesliga-4721536,2021-22,90,0.6931472,1.1767963,-0.48364913,0.48364913
augsburg-gegen-fuerth-2022-bundesliga-4721799,2021-22,45,1.3862944,0.4906994,0.89559495,0.89559495
augsburg-gegen-fuerth-2022-bundesliga-4721799,2021-22,90,1.7917594,1.3278223,0.46393704,0.46393704
hoffenheim-gegen-bielefeld-2022-bundesliga-4721690,2021-22,45,0.0,0.3810628,-0.3810628,0.3810628
hoffenheim-gegen-bielefeld-2022-bundesliga-4721690,2021-22,90,1.7917594,1.192919,0.59884036,0.59884036
hertha-gegen-stuttgart-2022-bundesliga-4721770,2021-22,45,1.6094378,0.6266444,0.98279345,0.98279345
hertha-gegen-stuttgart-2022-bundesliga-4721770,2021-22,90,1.7917594,1.3381364,0.45362294,0.45362294
frankfurt-gegen-bremen-2023-bundesliga-4781616,2022-23,45,1.0986123,0.48625967,0.6123526,0.6123526
frankfurt-gegen-bremen-2023-bundesliga-4781616,2022-23,90,1.0986123,1.2964754,-0.1978631,0.1978631
freiburg-gegen-wolfsburg-2023-bundesliga-4781722,2022-23,45,0.0,0.39181054,-0.39181054,0.39181054
freiburg-gegen-wolfsburg-2023-bundesliga-4781722,2022-23,90,1.6094378,1.3154951,0.2939427,0.2939427
bayern-gegen-dortmund-2023-bundesliga-4781657,2022-23,45,1.0986123,0.5334279,0.5651844,0.5651844
bayern-gegen-dortmund-2023-bundesliga-4781657,2022-23,90,1.7917594,1.3594033,0.43235612,0.43235612
hertha-gegen-frankfurt-2022-bundesliga-4781447,2022-23,45,1.0986123,0.35976103,0.7388513,0.7388513
hertha-gegen-frankfurt-2022-bundesliga-4781447,2022-23,90,1.6094378,1.3667123,0.24272549,0.24272549
freiburg-gegen-dortmund-2022-bundesliga-4781444,2022-23,45,0.0,0.3949126,-0.3949126,0.3949126
freiburg-gegen-dortmund-2022-bundesliga-4781444,2022-23,90,1.3862944,1.3290055,0.057288885,0.057288885
bremen-gegen-schalke-2022-bundesliga-4781548,2022-23,45,0.6931472,0.55403733,0.13910985,0.13910985
bremen-gegen-schalke-2022-bundesliga-4781548,2022-23,90,1.6094378,1.3713841,0.23805368,0.23805368
augsburg-gegen-frankfurt-2022-bundesliga-4781546,2022-23,45,0.0,0.42299423,-0.42299423,0.42299423
augsburg-gegen-frankfurt-2022-bundesliga-4781546,2022-23,90,1.6094378,1.1971697,0.41226816,0.41226816
augsburg-gegen-mainz-2023-bundesliga-4862009,2023-24,45,1.0986123,0.53734946,0.56126285,0.56126285
augsburg-gegen-mainz-2023-bundesliga-4862009,2023-24,90,2.0794415,1.2277144,0.8517271,0.8517271
bayern-gegen-mgladbach-2024-bundesliga-4862137,2023-24,45,1.3862944,0.5007313,0.8855631,0.8855631
bayern-gegen-mgladbach-2024-bundesliga-4862137,2023-24,90,1.6094378,1.2373059,0.37213194,0.37213194
dortmund-gegen-bremen-2023-bundesliga-4862029,2023-24,45,0.0,0.34420896,-0.34420896,0.34420896
dortmund-gegen-bremen-2023-bundesliga-4862029,2023-24,90,1.6094378,1.3451052,0.26433265,0.26433265
bochum-gegen-mainz-2023-bundesliga-4862044,2023-24,45,1.3862944,0.58940446,0.7968899,0.7968899
bochum-gegen-mainz-2023-bundesliga-4862044,2023-24,90,1.9459103,1.2145659,0.73134446,0.73134446
augsburg-gegen-stuttgart-2024-bundesliga-4862261,2023-24,45,1.0986123,0.44866946,0.6499429,0.6499429
augsburg-gegen-stuttgart-2024-bundesliga-4862261,2023-24,90,1.7917594,1.3047055,0.48705387,0.48705387
bremen-gegen-frankfurt-2023-bundesliga-4862060,2023-24,45,1.0986123,0.4253622,0.6732501,0.6732501
bremen-gegen-frankfurt-2023-bundesliga-4862060,2023-24,90,1.7917594,1.0508702,0.7408892,0.7408892
